-- phpMyAdmin SQL Dump
-- version 5.0.1
-- https://www.phpmyadmin.net/
--
-- Host: localhost
-- Generation Time: Jun 08, 2025 at 09:01 AM
-- Server version: 5.7.28-0ubuntu0.18.04.4
-- PHP Version: 7.4.1

SET SQL_MODE = "NO_AUTO_VALUE_ON_ZERO";
SET AUTOCOMMIT = 0;
START TRANSACTION;
SET time_zone = "+00:00";


/*!40101 SET @OLD_CHARACTER_SET_CLIENT=@@CHARACTER_SET_CLIENT */;
/*!40101 SET @OLD_CHARACTER_SET_RESULTS=@@CHARACTER_SET_RESULTS */;
/*!40101 SET @OLD_COLLATION_CONNECTION=@@COLLATION_CONNECTION */;
/*!40101 SET NAMES utf8mb4 */;

--
-- Database: `motel_db`
--

-- --------------------------------------------------------

--
-- Table structure for table `Bills`
--

CREATE TABLE `Bills` (
  `bill_id` int(11) NOT NULL,
  `contract_id` int(11) NOT NULL,
  `bill_month` date NOT NULL,
  `total_amount` decimal(10,2) NOT NULL,
  `water_amount` decimal(10,2) DEFAULT NULL,
  `electricity_amount` decimal(10,2) DEFAULT NULL,
  `service_amount` decimal(10,2) DEFAULT NULL,
  `rent_amount` decimal(10,2) DEFAULT '0.00',
  `payment_status` enum('Unpaid','Paid','Failed') DEFAULT 'Unpaid',
  `payment_date` date DEFAULT NULL,
  `created_at` timestamp NOT NULL DEFAULT CURRENT_TIMESTAMP,
  `updated_at` timestamp NOT NULL DEFAULT CURRENT_TIMESTAMP ON UPDATE CURRENT_TIMESTAMP
) ENGINE=InnoDB DEFAULT CHARSET=utf8mb4;

--
-- Dumping data for table `Bills`
--

INSERT INTO `Bills` (`bill_id`, `contract_id`, `bill_month`, `total_amount`, `water_amount`, `electricity_amount`, `service_amount`, `rent_amount`, `payment_status`, `payment_date`, `created_at`, `updated_at`) VALUES
(1, 1, '2024-08-01', '2900000.00', '150000.00', '200000.00', '250000.00', '2300000.00', 'Paid', '2024-08-01', '2025-06-08 03:41:26', '2025-06-08 08:00:03'),
(2, 2, '2024-07-01', '2900000.00', '150000.00', '200000.00', '250000.00', '2300000.00', 'Paid', '2024-07-01', '2025-06-08 03:41:26', '2025-06-08 08:00:03'),
(3, 3, '2024-03-01', '2900000.00', '150000.00', '200000.00', '250000.00', '2300000.00', 'Paid', '2024-03-01', '2025-06-08 03:41:26', '2025-06-08 08:00:03'),
(4, 3, '2024-03-31', '2900000.00', '150000.00', '200000.00', '250000.00', '2300000.00', 'Paid', '2024-03-31', '2025-06-08 03:41:26', '2025-06-08 08:00:03'),
(5, 3, '2024-04-30', '2900000.00', '150000.00', '200000.00', '250000.00', '2300000.00', 'Paid', '2024-04-30', '2025-06-08 03:41:26', '2025-06-08 08:00:03'),
(6, 4, '2024-08-01', '2900000.00', '150000.00', '200000.00', '250000.00', '2300000.00', 'Paid', '2024-08-01', '2025-06-08 03:41:26', '2025-06-08 08:00:03'),
(7, 4, '2024-08-31', '2900000.00', '150000.00', '200000.00', '250000.00', '2300000.00', 'Paid', '2024-08-31', '2025-06-08 03:41:26', '2025-06-08 08:00:03'),
(8, 5, '2024-08-01', '2900000.00', '150000.00', '200000.00', '250000.00', '2300000.00', 'Paid', '2024-08-01', '2025-06-08 03:41:26', '2025-06-08 08:00:03'),
(9, 5, '2024-08-31', '2900000.00', '150000.00', '200000.00', '250000.00', '2300000.00', 'Paid', '2024-08-31', '2025-06-08 03:41:26', '2025-06-08 08:00:03'),
(10, 5, '2024-09-30', '2900000.00', '150000.00', '200000.00', '250000.00', '2300000.00', 'Paid', '2024-09-30', '2025-06-08 03:41:26', '2025-06-08 08:00:03'),
(11, 6, '2024-08-01', '2900000.00', '150000.00', '200000.00', '250000.00', '2300000.00', 'Paid', '2024-08-01', '2025-06-08 03:41:26', '2025-06-08 08:00:03'),
(12, 6, '2024-08-31', '2900000.00', '150000.00', '200000.00', '250000.00', '2300000.00', 'Paid', '2024-08-31', '2025-06-08 03:41:26', '2025-06-08 08:00:03'),
(13, 6, '2024-09-30', '2900000.00', '150000.00', '200000.00', '250000.00', '2300000.00', 'Paid', '2024-09-30', '2025-06-08 03:41:26', '2025-06-08 08:00:03'),
(14, 6, '2024-10-30', '2900000.00', '150000.00', '200000.00', '250000.00', '2300000.00', 'Paid', '2024-10-30', '2025-06-08 03:41:26', '2025-06-08 08:00:03'),
(15, 6, '2024-11-29', '2900000.00', '150000.00', '200000.00', '250000.00', '2300000.00', 'Paid', '2024-11-29', '2025-06-08 03:41:26', '2025-06-08 08:00:03'),
(16, 6, '2024-12-29', '2900000.00', '150000.00', '200000.00', '250000.00', '2300000.00', 'Paid', '2024-12-29', '2025-06-08 03:41:26', '2025-06-08 08:00:03'),
(17, 7, '2024-08-01', '2900000.00', '150000.00', '200000.00', '250000.00', '2300000.00', 'Paid', '2024-08-01', '2025-06-08 03:41:26', '2025-06-08 08:00:03'),
(18, 7, '2024-08-31', '2900000.00', '150000.00', '200000.00', '250000.00', '2300000.00', 'Paid', '2024-08-31', '2025-06-08 03:41:26', '2025-06-08 08:00:03'),
(19, 7, '2024-09-30', '2900000.00', '150000.00', '200000.00', '250000.00', '2300000.00', 'Paid', '2024-09-30', '2025-06-08 03:41:26', '2025-06-08 08:00:03'),
(20, 8, '2024-01-01', '2900000.00', '150000.00', '200000.00', '250000.00', '2300000.00', 'Paid', '2024-01-01', '2025-06-08 03:41:26', '2025-06-08 08:00:03'),
(21, 8, '2024-01-31', '2900000.00', '150000.00', '200000.00', '250000.00', '2300000.00', 'Paid', '2024-01-31', '2025-06-08 03:41:26', '2025-06-08 08:00:03'),
(22, 8, '2024-03-01', '2900000.00', '150000.00', '200000.00', '250000.00', '2300000.00', 'Paid', '2024-03-01', '2025-06-08 03:41:26', '2025-06-08 08:00:03'),
(23, 8, '2024-03-31', '2900000.00', '150000.00', '200000.00', '250000.00', '2300000.00', 'Paid', '2024-03-31', '2025-06-08 03:41:26', '2025-06-08 08:00:03'),
(24, 8, '2024-04-30', '2900000.00', '150000.00', '200000.00', '250000.00', '2300000.00', 'Paid', '2024-04-30', '2025-06-08 03:41:26', '2025-06-08 08:00:03'),
(25, 8, '2024-05-30', '2900000.00', '150000.00', '200000.00', '250000.00', '2300000.00', 'Paid', '2024-05-30', '2025-06-08 03:41:26', '2025-06-08 08:00:03'),
(26, 9, '2024-10-01', '2900000.00', '150000.00', '200000.00', '250000.00', '2300000.00', 'Paid', '2024-10-01', '2025-06-08 03:41:26', '2025-06-08 08:00:03'),
(27, 9, '2024-10-31', '2900000.00', '150000.00', '200000.00', '250000.00', '2300000.00', 'Paid', '2024-10-31', '2025-06-08 03:41:26', '2025-06-08 08:00:03'),
(28, 9, '2024-11-30', '2900000.00', '150000.00', '200000.00', '250000.00', '2300000.00', 'Paid', '2024-11-30', '2025-06-08 03:41:26', '2025-06-08 08:00:03'),
(29, 9, '2024-12-30', '2900000.00', '150000.00', '200000.00', '250000.00', '2300000.00', 'Paid', '2024-12-30', '2025-06-08 03:41:26', '2025-06-08 08:00:03'),
(30, 10, '2024-12-01', '2900000.00', '150000.00', '200000.00', '250000.00', '2300000.00', 'Paid', '2024-12-01', '2025-06-08 03:41:26', '2025-06-08 08:00:03'),
(31, 10, '2024-12-31', '2900000.00', '150000.00', '200000.00', '250000.00', '2300000.00', 'Paid', '2024-12-31', '2025-06-08 03:41:26', '2025-06-08 08:00:03'),
(32, 11, '2024-05-01', '2900000.00', '150000.00', '200000.00', '250000.00', '2300000.00', 'Paid', '2024-05-01', '2025-06-08 03:41:26', '2025-06-08 08:00:03'),
(33, 11, '2024-05-31', '2900000.00', '150000.00', '200000.00', '250000.00', '2300000.00', 'Paid', '2024-05-31', '2025-06-08 03:41:26', '2025-06-08 08:00:03'),
(34, 11, '2024-06-30', '2900000.00', '150000.00', '200000.00', '250000.00', '2300000.00', 'Paid', '2024-06-30', '2025-06-08 03:41:26', '2025-06-08 08:00:03'),
(35, 11, '2024-07-30', '2900000.00', '150000.00', '200000.00', '250000.00', '2300000.00', 'Paid', '2024-07-30', '2025-06-08 03:41:26', '2025-06-08 08:00:03'),
(36, 11, '2024-08-29', '2900000.00', '150000.00', '200000.00', '250000.00', '2300000.00', 'Paid', '2024-08-29', '2025-06-08 03:41:26', '2025-06-08 08:00:03'),
(37, 11, '2024-09-28', '2900000.00', '150000.00', '200000.00', '250000.00', '2300000.00', 'Paid', '2024-09-28', '2025-06-08 03:41:26', '2025-06-08 08:00:03'),
(38, 12, '2024-02-01', '2900000.00', '150000.00', '200000.00', '250000.00', '2300000.00', 'Paid', '2024-02-01', '2025-06-08 03:41:26', '2025-06-08 08:00:03'),
(39, 12, '2024-03-02', '2900000.00', '150000.00', '200000.00', '250000.00', '2300000.00', 'Paid', '2024-03-02', '2025-06-08 03:41:26', '2025-06-08 08:00:03'),
(40, 12, '2024-04-01', '2900000.00', '150000.00', '200000.00', '250000.00', '2300000.00', 'Paid', '2024-04-01', '2025-06-08 03:41:26', '2025-06-08 08:00:03'),
(41, 12, '2024-05-01', '2900000.00', '150000.00', '200000.00', '250000.00', '2300000.00', 'Paid', '2024-05-01', '2025-06-08 03:41:26', '2025-06-08 08:00:03'),
(42, 12, '2024-05-31', '2900000.00', '150000.00', '200000.00', '250000.00', '2300000.00', 'Paid', '2024-05-31', '2025-06-08 03:41:26', '2025-06-08 08:00:03'),
(43, 13, '2024-06-01', '2900000.00', '150000.00', '200000.00', '250000.00', '2300000.00', 'Paid', '2024-06-01', '2025-06-08 03:41:26', '2025-06-08 08:00:03'),
(44, 13, '2024-07-01', '2900000.00', '150000.00', '200000.00', '250000.00', '2300000.00', 'Paid', '2024-07-01', '2025-06-08 03:41:26', '2025-06-08 08:00:03'),
(45, 14, '2024-05-01', '2900000.00', '150000.00', '200000.00', '250000.00', '2300000.00', 'Paid', '2024-05-01', '2025-06-08 03:41:26', '2025-06-08 08:00:03'),
(46, 14, '2024-05-31', '2900000.00', '150000.00', '200000.00', '250000.00', '2300000.00', 'Paid', '2024-05-31', '2025-06-08 03:41:26', '2025-06-08 08:00:03'),
(47, 14, '2024-06-30', '2900000.00', '150000.00', '200000.00', '250000.00', '2300000.00', 'Paid', '2024-06-30', '2025-06-08 03:41:26', '2025-06-08 08:00:03'),
(48, 14, '2024-07-30', '2900000.00', '150000.00', '200000.00', '250000.00', '2300000.00', 'Paid', '2024-07-30', '2025-06-08 03:41:26', '2025-06-08 08:00:03'),
(49, 14, '2024-08-29', '2900000.00', '150000.00', '200000.00', '250000.00', '2300000.00', 'Paid', '2024-08-29', '2025-06-08 03:41:26', '2025-06-08 08:00:03'),
(50, 14, '2024-09-28', '2900000.00', '150000.00', '200000.00', '250000.00', '2300000.00', 'Paid', '2024-09-28', '2025-06-08 03:41:26', '2025-06-08 08:00:03'),
(51, 15, '2024-09-01', '2900000.00', '150000.00', '200000.00', '250000.00', '2300000.00', 'Paid', '2024-09-01', '2025-06-08 03:41:26', '2025-06-08 08:00:03'),
(52, 15, '2024-10-01', '2900000.00', '150000.00', '200000.00', '250000.00', '2300000.00', 'Paid', '2024-10-01', '2025-06-08 03:41:26', '2025-06-08 08:00:03'),
(53, 15, '2024-10-31', '2900000.00', '150000.00', '200000.00', '250000.00', '2300000.00', 'Paid', '2024-10-31', '2025-06-08 03:41:26', '2025-06-08 08:00:03'),
(54, 15, '2024-11-30', '2900000.00', '150000.00', '200000.00', '250000.00', '2300000.00', 'Paid', '2024-11-30', '2025-06-08 03:41:26', '2025-06-08 08:00:03'),
(55, 15, '2024-12-30', '2900000.00', '150000.00', '200000.00', '250000.00', '2300000.00', 'Paid', '2024-12-30', '2025-06-08 03:41:26', '2025-06-08 08:00:03'),
(56, 15, '2025-01-29', '2900000.00', '150000.00', '200000.00', '250000.00', '2300000.00', 'Paid', '2025-01-29', '2025-06-08 03:41:26', '2025-06-08 08:00:03'),
(57, 16, '2024-07-01', '2900000.00', '150000.00', '200000.00', '250000.00', '2300000.00', 'Paid', '2024-07-01', '2025-06-08 03:41:26', '2025-06-08 08:00:03'),
(58, 16, '2024-07-31', '2900000.00', '150000.00', '200000.00', '250000.00', '2300000.00', 'Paid', '2024-07-31', '2025-06-08 03:41:26', '2025-06-08 08:00:03'),
(59, 16, '2024-08-30', '2900000.00', '150000.00', '200000.00', '250000.00', '2300000.00', 'Paid', '2024-08-30', '2025-06-08 03:41:26', '2025-06-08 08:00:03'),
(60, 16, '2024-09-29', '2900000.00', '150000.00', '200000.00', '250000.00', '2300000.00', 'Paid', '2024-09-29', '2025-06-08 03:41:26', '2025-06-08 08:00:03'),
(61, 16, '2024-10-29', '2900000.00', '150000.00', '200000.00', '250000.00', '2300000.00', 'Paid', '2024-10-29', '2025-06-08 03:41:26', '2025-06-08 08:00:03'),
(62, 17, '2024-10-01', '2900000.00', '150000.00', '200000.00', '250000.00', '2300000.00', 'Paid', '2024-10-01', '2025-06-08 03:41:26', '2025-06-08 08:00:03'),
(63, 18, '2024-08-01', '2900000.00', '150000.00', '200000.00', '250000.00', '2300000.00', 'Paid', '2024-08-01', '2025-06-08 03:41:26', '2025-06-08 08:00:03'),
(64, 18, '2024-08-31', '2900000.00', '150000.00', '200000.00', '250000.00', '2300000.00', 'Paid', '2024-08-31', '2025-06-08 03:41:26', '2025-06-08 08:00:03'),
(65, 18, '2024-09-30', '2900000.00', '150000.00', '200000.00', '250000.00', '2300000.00', 'Paid', '2024-09-30', '2025-06-08 03:41:26', '2025-06-08 08:00:03'),
(66, 18, '2024-10-30', '2900000.00', '150000.00', '200000.00', '250000.00', '2300000.00', 'Paid', '2024-10-30', '2025-06-08 03:41:26', '2025-06-08 08:00:03'),
(67, 18, '2024-11-29', '2900000.00', '150000.00', '200000.00', '250000.00', '2300000.00', 'Paid', '2024-11-29', '2025-06-08 03:41:26', '2025-06-08 08:00:03'),
(68, 19, '2024-11-01', '2900000.00', '150000.00', '200000.00', '250000.00', '2300000.00', 'Paid', '2024-11-01', '2025-06-08 03:41:26', '2025-06-08 08:00:03'),
(69, 19, '2024-12-01', '2900000.00', '150000.00', '200000.00', '250000.00', '2300000.00', 'Paid', '2024-12-01', '2025-06-08 03:41:26', '2025-06-08 08:00:03'),
(70, 19, '2024-12-31', '2900000.00', '150000.00', '200000.00', '250000.00', '2300000.00', 'Paid', '2024-12-31', '2025-06-08 03:41:26', '2025-06-08 08:00:03'),
(71, 19, '2025-01-30', '2900000.00', '150000.00', '200000.00', '250000.00', '2300000.00', 'Paid', '2025-01-30', '2025-06-08 03:41:26', '2025-06-08 08:00:03'),
(72, 19, '2025-03-01', '2900000.00', '150000.00', '200000.00', '250000.00', '2300000.00', 'Paid', '2025-03-01', '2025-06-08 03:41:26', '2025-06-08 08:00:03'),
(73, 19, '2025-03-31', '2900000.00', '150000.00', '200000.00', '250000.00', '2300000.00', 'Paid', '2025-03-31', '2025-06-08 03:41:26', '2025-06-08 08:00:03'),
(74, 20, '2024-03-01', '2900000.00', '150000.00', '200000.00', '250000.00', '2300000.00', 'Paid', '2024-03-01', '2025-06-08 03:41:26', '2025-06-08 08:00:03'),
(75, 20, '2024-03-31', '2900000.00', '150000.00', '200000.00', '250000.00', '2300000.00', 'Paid', '2024-03-31', '2025-06-08 03:41:26', '2025-06-08 08:00:03'),
(76, 20, '2024-04-30', '2900000.00', '150000.00', '200000.00', '250000.00', '2300000.00', 'Paid', '2024-04-30', '2025-06-08 03:41:26', '2025-06-08 08:00:03'),
(77, 20, '2024-05-30', '2900000.00', '150000.00', '200000.00', '250000.00', '2300000.00', 'Paid', '2024-05-30', '2025-06-08 03:41:26', '2025-06-08 08:00:03'),
(78, 21, '2024-03-01', '2900000.00', '150000.00', '200000.00', '250000.00', '2300000.00', 'Paid', '2024-03-01', '2025-06-08 03:41:26', '2025-06-08 08:00:03'),
(79, 21, '2024-03-31', '2900000.00', '150000.00', '200000.00', '250000.00', '2300000.00', 'Paid', '2024-03-31', '2025-06-08 03:41:26', '2025-06-08 08:00:03'),
(80, 21, '2024-04-30', '2900000.00', '150000.00', '200000.00', '250000.00', '2300000.00', 'Paid', '2024-04-30', '2025-06-08 03:41:26', '2025-06-08 08:00:03'),
(81, 22, '2024-10-01', '2900000.00', '150000.00', '200000.00', '250000.00', '2300000.00', 'Paid', '2024-10-01', '2025-06-08 03:41:26', '2025-06-08 08:00:03'),
(82, 23, '2024-08-01', '2900000.00', '150000.00', '200000.00', '250000.00', '2300000.00', 'Paid', '2024-08-01', '2025-06-08 03:41:26', '2025-06-08 08:00:03'),
(83, 23, '2024-08-31', '2900000.00', '150000.00', '200000.00', '250000.00', '2300000.00', 'Paid', '2024-08-31', '2025-06-08 03:41:26', '2025-06-08 08:00:03'),
(84, 24, '2024-07-01', '2900000.00', '150000.00', '200000.00', '250000.00', '2300000.00', 'Paid', '2024-07-01', '2025-06-08 03:41:26', '2025-06-08 08:00:03'),
(85, 24, '2024-07-31', '2900000.00', '150000.00', '200000.00', '250000.00', '2300000.00', 'Paid', '2024-07-31', '2025-06-08 03:41:26', '2025-06-08 08:00:03'),
(86, 24, '2024-08-30', '2900000.00', '150000.00', '200000.00', '250000.00', '2300000.00', 'Paid', '2024-08-30', '2025-06-08 03:41:26', '2025-06-08 08:00:03'),
(87, 24, '2024-09-29', '2900000.00', '150000.00', '200000.00', '250000.00', '2300000.00', 'Paid', '2024-09-29', '2025-06-08 03:41:26', '2025-06-08 08:00:03'),
(88, 24, '2024-10-29', '2900000.00', '150000.00', '200000.00', '250000.00', '2300000.00', 'Paid', '2024-10-29', '2025-06-08 03:41:26', '2025-06-08 08:00:03'),
(89, 25, '2024-11-01', '2900000.00', '150000.00', '200000.00', '250000.00', '2300000.00', 'Paid', '2024-11-01', '2025-06-08 03:41:26', '2025-06-08 08:00:03'),
(90, 25, '2024-12-01', '2900000.00', '150000.00', '200000.00', '250000.00', '2300000.00', 'Paid', '2024-12-01', '2025-06-08 03:41:26', '2025-06-08 08:00:03'),
(91, 25, '2024-12-31', '2900000.00', '150000.00', '200000.00', '250000.00', '2300000.00', 'Paid', '2024-12-31', '2025-06-08 03:41:26', '2025-06-08 08:00:03'),
(92, 25, '2025-01-30', '2900000.00', '150000.00', '200000.00', '250000.00', '2300000.00', 'Paid', '2025-01-30', '2025-06-08 03:41:26', '2025-06-08 08:00:03'),
(93, 26, '2024-12-01', '2900000.00', '150000.00', '200000.00', '250000.00', '2300000.00', 'Paid', '2024-12-01', '2025-06-08 03:41:26', '2025-06-08 08:00:03'),
(94, 26, '2024-12-31', '2900000.00', '150000.00', '200000.00', '250000.00', '2300000.00', 'Paid', '2024-12-31', '2025-06-08 03:41:26', '2025-06-08 08:00:03'),
(95, 26, '2025-01-30', '2900000.00', '150000.00', '200000.00', '250000.00', '2300000.00', 'Paid', '2025-01-30', '2025-06-08 03:41:26', '2025-06-08 08:00:03'),
(96, 26, '2025-03-01', '2900000.00', '150000.00', '200000.00', '250000.00', '2300000.00', 'Paid', '2025-03-01', '2025-06-08 03:41:26', '2025-06-08 08:00:03'),
(97, 27, '2024-02-01', '2900000.00', '150000.00', '200000.00', '250000.00', '2300000.00', 'Paid', '2024-02-01', '2025-06-08 03:41:26', '2025-06-08 08:00:03'),
(98, 27, '2024-03-02', '2900000.00', '150000.00', '200000.00', '250000.00', '2300000.00', 'Paid', '2024-03-02', '2025-06-08 03:41:26', '2025-06-08 08:00:03'),
(99, 27, '2024-04-01', '2900000.00', '150000.00', '200000.00', '250000.00', '2300000.00', 'Paid', '2024-04-01', '2025-06-08 03:41:26', '2025-06-08 08:00:03'),
(100, 27, '2024-05-01', '2900000.00', '150000.00', '200000.00', '250000.00', '2300000.00', 'Paid', '2024-05-01', '2025-06-08 03:41:26', '2025-06-08 08:00:03'),
(101, 27, '2024-05-31', '2900000.00', '150000.00', '200000.00', '250000.00', '2300000.00', 'Paid', '2024-05-31', '2025-06-08 03:41:26', '2025-06-08 08:00:03'),
(102, 28, '2024-04-01', '2900000.00', '150000.00', '200000.00', '250000.00', '2300000.00', 'Paid', '2024-04-01', '2025-06-08 03:41:26', '2025-06-08 08:00:03'),
(103, 28, '2024-05-01', '2900000.00', '150000.00', '200000.00', '250000.00', '2300000.00', 'Paid', '2024-05-01', '2025-06-08 03:41:26', '2025-06-08 08:00:03'),
(104, 28, '2024-05-31', '2900000.00', '150000.00', '200000.00', '250000.00', '2300000.00', 'Paid', '2024-05-31', '2025-06-08 03:41:26', '2025-06-08 08:00:03'),
(105, 29, '2024-04-01', '2900000.00', '150000.00', '200000.00', '250000.00', '2300000.00', 'Paid', '2024-04-01', '2025-06-08 03:41:26', '2025-06-08 08:00:03'),
(106, 29, '2024-05-01', '2900000.00', '150000.00', '200000.00', '250000.00', '2300000.00', 'Paid', '2024-05-01', '2025-06-08 03:41:26', '2025-06-08 08:00:03'),
(107, 29, '2024-05-31', '2900000.00', '150000.00', '200000.00', '250000.00', '2300000.00', 'Paid', '2024-05-31', '2025-06-08 03:41:26', '2025-06-08 08:00:03'),
(108, 29, '2024-06-30', '2900000.00', '150000.00', '200000.00', '250000.00', '2300000.00', 'Paid', '2024-06-30', '2025-06-08 03:41:26', '2025-06-08 08:00:03'),
(109, 29, '2024-07-30', '2900000.00', '150000.00', '200000.00', '250000.00', '2300000.00', 'Paid', '2024-07-30', '2025-06-08 03:41:26', '2025-06-08 08:00:03'),
(110, 30, '2024-08-01', '2900000.00', '150000.00', '200000.00', '250000.00', '2300000.00', 'Paid', '2024-08-01', '2025-06-08 03:41:26', '2025-06-08 08:00:03'),
(111, 30, '2024-08-31', '2900000.00', '150000.00', '200000.00', '250000.00', '2300000.00', 'Paid', '2024-08-31', '2025-06-08 03:41:26', '2025-06-08 08:00:03'),
(112, 30, '2024-09-30', '2900000.00', '150000.00', '200000.00', '250000.00', '2300000.00', 'Paid', '2024-09-30', '2025-06-08 03:41:26', '2025-06-08 08:00:03'),
(113, 30, '2024-10-30', '2900000.00', '150000.00', '200000.00', '250000.00', '2300000.00', 'Paid', '2024-10-30', '2025-06-08 03:41:26', '2025-06-08 08:00:03'),
(114, 30, '2024-11-29', '2900000.00', '150000.00', '200000.00', '250000.00', '2300000.00', 'Paid', '2024-11-29', '2025-06-08 03:41:26', '2025-06-08 08:00:03'),
(115, 31, '2024-08-01', '2900000.00', '150000.00', '200000.00', '250000.00', '2300000.00', 'Paid', '2024-08-01', '2025-06-08 03:41:26', '2025-06-08 08:00:03'),
(116, 31, '2024-08-31', '2900000.00', '150000.00', '200000.00', '250000.00', '2300000.00', 'Paid', '2024-08-31', '2025-06-08 03:41:26', '2025-06-08 08:00:03'),
(117, 31, '2024-09-30', '2900000.00', '150000.00', '200000.00', '250000.00', '2300000.00', 'Paid', '2024-09-30', '2025-06-08 03:41:26', '2025-06-08 08:00:03'),
(118, 31, '2024-10-30', '2900000.00', '150000.00', '200000.00', '250000.00', '2300000.00', 'Paid', '2024-10-30', '2025-06-08 03:41:26', '2025-06-08 08:00:03'),
(119, 31, '2024-11-29', '2900000.00', '150000.00', '200000.00', '250000.00', '2300000.00', 'Paid', '2024-11-29', '2025-06-08 03:41:26', '2025-06-08 08:00:03'),
(120, 32, '2024-12-01', '2900000.00', '150000.00', '200000.00', '250000.00', '2300000.00', 'Paid', '2024-12-01', '2025-06-08 03:41:26', '2025-06-08 08:00:03'),
(121, 32, '2024-12-31', '2900000.00', '150000.00', '200000.00', '250000.00', '2300000.00', 'Paid', '2024-12-31', '2025-06-08 03:41:26', '2025-06-08 08:00:03'),
(122, 32, '2025-01-30', '2900000.00', '150000.00', '200000.00', '250000.00', '2300000.00', 'Paid', '2025-01-30', '2025-06-08 03:41:26', '2025-06-08 08:00:03'),
(123, 32, '2025-03-01', '2900000.00', '150000.00', '200000.00', '250000.00', '2300000.00', 'Paid', '2025-03-01', '2025-06-08 03:41:26', '2025-06-08 08:00:03'),
(124, 32, '2025-03-31', '2900000.00', '150000.00', '200000.00', '250000.00', '2300000.00', 'Paid', '2025-03-31', '2025-06-08 03:41:26', '2025-06-08 08:00:03'),
(125, 33, '2024-10-01', '2900000.00', '150000.00', '200000.00', '250000.00', '2300000.00', 'Paid', '2024-10-01', '2025-06-08 03:41:26', '2025-06-08 08:00:03'),
(126, 33, '2024-10-31', '2900000.00', '150000.00', '200000.00', '250000.00', '2300000.00', 'Paid', '2024-10-31', '2025-06-08 03:41:26', '2025-06-08 08:00:03'),
(127, 33, '2024-11-30', '2900000.00', '150000.00', '200000.00', '250000.00', '2300000.00', 'Paid', '2024-11-30', '2025-06-08 03:41:26', '2025-06-08 08:00:03'),
(128, 33, '2024-12-30', '2900000.00', '150000.00', '200000.00', '250000.00', '2300000.00', 'Paid', '2024-12-30', '2025-06-08 03:41:26', '2025-06-08 08:00:03'),
(129, 33, '2025-01-29', '2900000.00', '150000.00', '200000.00', '250000.00', '2300000.00', 'Paid', '2025-01-29', '2025-06-08 03:41:26', '2025-06-08 08:00:03'),
(130, 33, '2025-02-28', '2900000.00', '150000.00', '200000.00', '250000.00', '2300000.00', 'Paid', '2025-02-28', '2025-06-08 03:41:26', '2025-06-08 08:00:03'),
(131, 34, '2024-03-01', '2900000.00', '150000.00', '200000.00', '250000.00', '2300000.00', 'Paid', '2024-03-01', '2025-06-08 03:41:26', '2025-06-08 08:00:03'),
(132, 34, '2024-03-31', '2900000.00', '150000.00', '200000.00', '250000.00', '2300000.00', 'Paid', '2024-03-31', '2025-06-08 03:41:26', '2025-06-08 08:00:03'),
(133, 34, '2024-04-30', '2900000.00', '150000.00', '200000.00', '250000.00', '2300000.00', 'Paid', '2024-04-30', '2025-06-08 03:41:26', '2025-06-08 08:00:03'),
(134, 34, '2024-05-30', '2900000.00', '150000.00', '200000.00', '250000.00', '2300000.00', 'Paid', '2024-05-30', '2025-06-08 03:41:26', '2025-06-08 08:00:03'),
(135, 34, '2024-06-29', '2900000.00', '150000.00', '200000.00', '250000.00', '2300000.00', 'Paid', '2024-06-29', '2025-06-08 03:41:26', '2025-06-08 08:00:03'),
(136, 35, '2024-04-01', '2900000.00', '150000.00', '200000.00', '250000.00', '2300000.00', 'Paid', '2024-04-01', '2025-06-08 03:41:26', '2025-06-08 08:00:03'),
(137, 36, '2024-05-01', '2900000.00', '150000.00', '200000.00', '250000.00', '2300000.00', 'Paid', '2024-05-01', '2025-06-08 03:41:26', '2025-06-08 08:00:03'),
(138, 36, '2024-05-31', '2900000.00', '150000.00', '200000.00', '250000.00', '2300000.00', 'Paid', '2024-05-31', '2025-06-08 03:41:26', '2025-06-08 08:00:03'),
(139, 36, '2024-06-30', '2900000.00', '150000.00', '200000.00', '250000.00', '2300000.00', 'Paid', '2024-06-30', '2025-06-08 03:41:26', '2025-06-08 08:00:03'),
(140, 36, '2024-07-30', '2900000.00', '150000.00', '200000.00', '250000.00', '2300000.00', 'Paid', '2024-07-30', '2025-06-08 03:41:26', '2025-06-08 08:00:03'),
(141, 36, '2024-08-29', '2900000.00', '150000.00', '200000.00', '250000.00', '2300000.00', 'Paid', '2024-08-29', '2025-06-08 03:41:26', '2025-06-08 08:00:03'),
(142, 37, '2024-03-01', '2900000.00', '150000.00', '200000.00', '250000.00', '2300000.00', 'Paid', '2024-03-01', '2025-06-08 03:41:26', '2025-06-08 08:00:03'),
(143, 37, '2024-03-31', '2900000.00', '150000.00', '200000.00', '250000.00', '2300000.00', 'Paid', '2024-03-31', '2025-06-08 03:41:26', '2025-06-08 08:00:03'),
(144, 37, '2024-04-30', '2900000.00', '150000.00', '200000.00', '250000.00', '2300000.00', 'Paid', '2024-04-30', '2025-06-08 03:41:26', '2025-06-08 08:00:03'),
(145, 38, '2024-10-01', '2900000.00', '150000.00', '200000.00', '250000.00', '2300000.00', 'Paid', '2024-10-01', '2025-06-08 03:41:26', '2025-06-08 08:00:03'),
(146, 38, '2024-10-31', '2900000.00', '150000.00', '200000.00', '250000.00', '2300000.00', 'Paid', '2024-10-31', '2025-06-08 03:41:26', '2025-06-08 08:00:03'),
(147, 38, '2024-11-30', '2900000.00', '150000.00', '200000.00', '250000.00', '2300000.00', 'Paid', '2024-11-30', '2025-06-08 03:41:26', '2025-06-08 08:00:03'),
(148, 39, '2024-11-01', '2900000.00', '150000.00', '200000.00', '250000.00', '2300000.00', 'Paid', '2024-11-01', '2025-06-08 03:41:26', '2025-06-08 08:00:03'),
(149, 40, '2024-09-01', '2900000.00', '150000.00', '200000.00', '250000.00', '2300000.00', 'Paid', '2024-09-01', '2025-06-08 03:41:26', '2025-06-08 08:00:03'),
(150, 40, '2024-10-01', '2900000.00', '150000.00', '200000.00', '250000.00', '2300000.00', 'Paid', '2024-10-01', '2025-06-08 03:41:26', '2025-06-08 08:00:03'),
(151, 40, '2024-10-31', '2900000.00', '150000.00', '200000.00', '250000.00', '2300000.00', 'Paid', '2024-10-31', '2025-06-08 03:41:26', '2025-06-08 08:00:03'),
(152, 40, '2024-11-30', '2900000.00', '150000.00', '200000.00', '250000.00', '2300000.00', 'Paid', '2024-11-30', '2025-06-08 03:41:26', '2025-06-08 08:00:03'),
(153, 40, '2024-12-30', '2900000.00', '150000.00', '200000.00', '250000.00', '2300000.00', 'Paid', '2024-12-30', '2025-06-08 03:41:26', '2025-06-08 08:00:03'),
(154, 40, '2025-01-29', '2900000.00', '150000.00', '200000.00', '250000.00', '2300000.00', 'Paid', '2025-01-29', '2025-06-08 03:41:26', '2025-06-08 08:00:03'),
(155, 41, '2024-06-01', '2900000.00', '150000.00', '200000.00', '250000.00', '2300000.00', 'Paid', '2024-06-01', '2025-06-08 03:41:26', '2025-06-08 08:00:03'),
(156, 41, '2024-07-01', '2900000.00', '150000.00', '200000.00', '250000.00', '2300000.00', 'Paid', '2024-07-01', '2025-06-08 03:41:26', '2025-06-08 08:00:03'),
(157, 41, '2024-07-31', '2900000.00', '150000.00', '200000.00', '250000.00', '2300000.00', 'Paid', '2024-07-31', '2025-06-08 03:41:26', '2025-06-08 08:00:03'),
(158, 41, '2024-08-30', '2900000.00', '150000.00', '200000.00', '250000.00', '2300000.00', 'Paid', '2024-08-30', '2025-06-08 03:41:26', '2025-06-08 08:00:03'),
(159, 42, '2024-06-01', '2900000.00', '150000.00', '200000.00', '250000.00', '2300000.00', 'Paid', '2024-06-01', '2025-06-08 03:41:26', '2025-06-08 08:00:03'),
(160, 42, '2024-07-01', '2900000.00', '150000.00', '200000.00', '250000.00', '2300000.00', 'Paid', '2024-07-01', '2025-06-08 03:41:26', '2025-06-08 08:00:03'),
(161, 42, '2024-07-31', '2900000.00', '150000.00', '200000.00', '250000.00', '2300000.00', 'Paid', '2024-07-31', '2025-06-08 03:41:26', '2025-06-08 08:00:03'),
(162, 42, '2024-08-30', '2900000.00', '150000.00', '200000.00', '250000.00', '2300000.00', 'Paid', '2024-08-30', '2025-06-08 03:41:26', '2025-06-08 08:00:03'),
(163, 42, '2024-09-29', '2900000.00', '150000.00', '200000.00', '250000.00', '2300000.00', 'Paid', '2024-09-29', '2025-06-08 03:41:26', '2025-06-08 08:00:03'),
(164, 43, '2024-02-01', '2900000.00', '150000.00', '200000.00', '250000.00', '2300000.00', 'Paid', '2024-02-01', '2025-06-08 03:41:26', '2025-06-08 08:00:03'),
(165, 43, '2024-03-02', '2900000.00', '150000.00', '200000.00', '250000.00', '2300000.00', 'Paid', '2024-03-02', '2025-06-08 03:41:26', '2025-06-08 08:00:03'),
(166, 43, '2024-04-01', '2900000.00', '150000.00', '200000.00', '250000.00', '2300000.00', 'Paid', '2024-04-01', '2025-06-08 03:41:26', '2025-06-08 08:00:03'),
(167, 43, '2024-05-01', '2900000.00', '150000.00', '200000.00', '250000.00', '2300000.00', 'Paid', '2024-05-01', '2025-06-08 03:41:26', '2025-06-08 08:00:03'),
(168, 43, '2024-05-31', '2900000.00', '150000.00', '200000.00', '250000.00', '2300000.00', 'Paid', '2024-05-31', '2025-06-08 03:41:26', '2025-06-08 08:00:03'),
(169, 43, '2024-06-30', '2900000.00', '150000.00', '200000.00', '250000.00', '2300000.00', 'Paid', '2024-06-30', '2025-06-08 03:41:26', '2025-06-08 08:00:03'),
(170, 44, '2024-11-01', '2900000.00', '150000.00', '200000.00', '250000.00', '2300000.00', 'Paid', '2024-11-01', '2025-06-08 03:41:26', '2025-06-08 08:00:03'),
(171, 44, '2024-12-01', '2900000.00', '150000.00', '200000.00', '250000.00', '2300000.00', 'Paid', '2024-12-01', '2025-06-08 03:41:26', '2025-06-08 08:00:03'),
(172, 44, '2024-12-31', '2900000.00', '150000.00', '200000.00', '250000.00', '2300000.00', 'Paid', '2024-12-31', '2025-06-08 03:41:26', '2025-06-08 08:00:03'),
(173, 44, '2025-01-30', '2900000.00', '150000.00', '200000.00', '250000.00', '2300000.00', 'Paid', '2025-01-30', '2025-06-08 03:41:26', '2025-06-08 08:00:03'),
(174, 44, '2025-03-01', '2900000.00', '150000.00', '200000.00', '250000.00', '2300000.00', 'Paid', '2025-03-01', '2025-06-08 03:41:26', '2025-06-08 08:00:03'),
(175, 44, '2025-03-31', '2900000.00', '150000.00', '200000.00', '250000.00', '2300000.00', 'Paid', '2025-03-31', '2025-06-08 03:41:26', '2025-06-08 08:00:03'),
(176, 45, '2024-02-01', '2900000.00', '150000.00', '200000.00', '250000.00', '2300000.00', 'Paid', '2024-02-01', '2025-06-08 03:41:26', '2025-06-08 08:00:03'),
(177, 45, '2024-03-02', '2900000.00', '150000.00', '200000.00', '250000.00', '2300000.00', 'Paid', '2024-03-02', '2025-06-08 03:41:26', '2025-06-08 08:00:03'),
(178, 45, '2024-04-01', '2900000.00', '150000.00', '200000.00', '250000.00', '2300000.00', 'Paid', '2024-04-01', '2025-06-08 03:41:26', '2025-06-08 08:00:03'),
(179, 45, '2024-05-01', '2900000.00', '150000.00', '200000.00', '250000.00', '2300000.00', 'Paid', '2024-05-01', '2025-06-08 03:41:26', '2025-06-08 08:00:03'),
(180, 45, '2024-05-31', '2900000.00', '150000.00', '200000.00', '250000.00', '2300000.00', 'Paid', '2024-05-31', '2025-06-08 03:41:26', '2025-06-08 08:00:03'),
(181, 46, '2024-07-01', '2900000.00', '150000.00', '200000.00', '250000.00', '2300000.00', 'Paid', '2024-07-01', '2025-06-08 03:41:26', '2025-06-08 08:00:03'),
(182, 46, '2024-07-31', '2900000.00', '150000.00', '200000.00', '250000.00', '2300000.00', 'Paid', '2024-07-31', '2025-06-08 03:41:26', '2025-06-08 08:00:03'),
(183, 47, '2024-05-01', '2900000.00', '150000.00', '200000.00', '250000.00', '2300000.00', 'Paid', '2024-05-01', '2025-06-08 03:41:26', '2025-06-08 08:00:03'),
(184, 47, '2024-05-31', '2900000.00', '150000.00', '200000.00', '250000.00', '2300000.00', 'Paid', '2024-05-31', '2025-06-08 03:41:27', '2025-06-08 08:00:03'),
(185, 47, '2024-06-30', '2900000.00', '150000.00', '200000.00', '250000.00', '2300000.00', 'Paid', '2024-06-30', '2025-06-08 03:41:27', '2025-06-08 08:00:03'),
(186, 48, '2024-09-01', '2900000.00', '150000.00', '200000.00', '250000.00', '2300000.00', 'Paid', '2024-09-01', '2025-06-08 03:41:27', '2025-06-08 08:00:03'),
(187, 48, '2024-10-01', '2900000.00', '150000.00', '200000.00', '250000.00', '2300000.00', 'Paid', '2024-10-01', '2025-06-08 03:41:27', '2025-06-08 08:00:03'),
(188, 48, '2024-10-31', '2900000.00', '150000.00', '200000.00', '250000.00', '2300000.00', 'Paid', '2024-10-31', '2025-06-08 03:41:27', '2025-06-08 08:00:03'),
(189, 48, '2024-11-30', '2900000.00', '150000.00', '200000.00', '250000.00', '2300000.00', 'Paid', '2024-11-30', '2025-06-08 03:41:27', '2025-06-08 08:00:03'),
(190, 48, '2024-12-30', '2900000.00', '150000.00', '200000.00', '250000.00', '2300000.00', 'Paid', '2024-12-30', '2025-06-08 03:41:27', '2025-06-08 08:00:03'),
(191, 49, '2024-10-01', '2900000.00', '150000.00', '200000.00', '250000.00', '2300000.00', 'Paid', '2024-10-01', '2025-06-08 03:41:27', '2025-06-08 08:00:03'),
(192, 49, '2024-10-31', '2900000.00', '150000.00', '200000.00', '250000.00', '2300000.00', 'Paid', '2024-10-31', '2025-06-08 03:41:27', '2025-06-08 08:00:03'),
(193, 49, '2024-11-30', '2900000.00', '150000.00', '200000.00', '250000.00', '2300000.00', 'Paid', '2024-11-30', '2025-06-08 03:41:27', '2025-06-08 08:00:03'),
(194, 49, '2024-12-30', '2900000.00', '150000.00', '200000.00', '250000.00', '2300000.00', 'Paid', '2024-12-30', '2025-06-08 03:41:27', '2025-06-08 08:00:03'),
(195, 50, '2024-01-01', '2900000.00', '150000.00', '200000.00', '250000.00', '2300000.00', 'Paid', '2024-01-01', '2025-06-08 03:41:27', '2025-06-08 08:00:03'),
(196, 51, '2024-11-01', '2900000.00', '150000.00', '200000.00', '250000.00', '2300000.00', 'Paid', '2024-11-01', '2025-06-08 03:41:27', '2025-06-08 08:00:03'),
(197, 51, '2024-12-01', '2900000.00', '150000.00', '200000.00', '250000.00', '2300000.00', 'Paid', '2024-12-01', '2025-06-08 03:41:27', '2025-06-08 08:00:03'),
(198, 51, '2024-12-31', '2900000.00', '150000.00', '200000.00', '250000.00', '2300000.00', 'Paid', '2024-12-31', '2025-06-08 03:41:27', '2025-06-08 08:00:03'),
(199, 51, '2025-01-30', '2900000.00', '150000.00', '200000.00', '250000.00', '2300000.00', 'Paid', '2025-01-30', '2025-06-08 03:41:27', '2025-06-08 08:00:03'),
(200, 52, '2024-11-01', '2900000.00', '150000.00', '200000.00', '250000.00', '2300000.00', 'Paid', '2024-11-01', '2025-06-08 03:41:27', '2025-06-08 08:00:03'),
(201, 53, '2024-04-01', '2900000.00', '150000.00', '200000.00', '250000.00', '2300000.00', 'Paid', '2024-04-01', '2025-06-08 03:41:27', '2025-06-08 08:00:03'),
(202, 53, '2024-05-01', '2900000.00', '150000.00', '200000.00', '250000.00', '2300000.00', 'Paid', '2024-05-01', '2025-06-08 03:41:27', '2025-06-08 08:00:03'),
(203, 53, '2024-05-31', '2900000.00', '150000.00', '200000.00', '250000.00', '2300000.00', 'Paid', '2024-05-31', '2025-06-08 03:41:27', '2025-06-08 08:00:03'),
(204, 53, '2024-06-30', '2900000.00', '150000.00', '200000.00', '250000.00', '2300000.00', 'Paid', '2024-06-30', '2025-06-08 03:41:27', '2025-06-08 08:00:03'),
(205, 54, '2024-10-01', '2900000.00', '150000.00', '200000.00', '250000.00', '2300000.00', 'Paid', '2024-10-01', '2025-06-08 03:41:27', '2025-06-08 08:00:03'),
(206, 54, '2024-10-31', '2900000.00', '150000.00', '200000.00', '250000.00', '2300000.00', 'Paid', '2024-10-31', '2025-06-08 03:41:27', '2025-06-08 08:00:03'),
(207, 55, '2024-01-01', '2900000.00', '150000.00', '200000.00', '250000.00', '2300000.00', 'Paid', '2024-01-01', '2025-06-08 03:41:27', '2025-06-08 08:00:03'),
(208, 55, '2024-01-31', '2900000.00', '150000.00', '200000.00', '250000.00', '2300000.00', 'Paid', '2024-01-31', '2025-06-08 03:41:27', '2025-06-08 08:00:03'),
(209, 55, '2024-03-01', '2900000.00', '150000.00', '200000.00', '250000.00', '2300000.00', 'Paid', '2024-03-01', '2025-06-08 03:41:27', '2025-06-08 08:00:03'),
(210, 55, '2024-03-31', '2900000.00', '150000.00', '200000.00', '250000.00', '2300000.00', 'Paid', '2024-03-31', '2025-06-08 03:41:27', '2025-06-08 08:00:03'),
(211, 55, '2024-04-30', '2900000.00', '150000.00', '200000.00', '250000.00', '2300000.00', 'Paid', '2024-04-30', '2025-06-08 03:41:27', '2025-06-08 08:00:03'),
(212, 55, '2024-05-30', '2900000.00', '150000.00', '200000.00', '250000.00', '2300000.00', 'Paid', '2024-05-30', '2025-06-08 03:41:27', '2025-06-08 08:00:03'),
(213, 56, '2024-02-01', '2900000.00', '150000.00', '200000.00', '250000.00', '2300000.00', 'Paid', '2024-02-01', '2025-06-08 03:41:27', '2025-06-08 08:00:03'),
(214, 56, '2024-03-02', '2900000.00', '150000.00', '200000.00', '250000.00', '2300000.00', 'Paid', '2024-03-02', '2025-06-08 03:41:27', '2025-06-08 08:00:03'),
(215, 56, '2024-04-01', '2900000.00', '150000.00', '200000.00', '250000.00', '2300000.00', 'Paid', '2024-04-01', '2025-06-08 03:41:27', '2025-06-08 08:00:03'),
(216, 56, '2024-05-01', '2900000.00', '150000.00', '200000.00', '250000.00', '2300000.00', 'Paid', '2024-05-01', '2025-06-08 03:41:27', '2025-06-08 08:00:03'),
(217, 57, '2024-02-01', '2900000.00', '150000.00', '200000.00', '250000.00', '2300000.00', 'Paid', '2024-02-01', '2025-06-08 03:41:27', '2025-06-08 08:00:03'),
(218, 57, '2024-03-02', '2900000.00', '150000.00', '200000.00', '250000.00', '2300000.00', 'Paid', '2024-03-02', '2025-06-08 03:41:27', '2025-06-08 08:00:03'),
(219, 58, '2024-12-01', '2900000.00', '150000.00', '200000.00', '250000.00', '2300000.00', 'Paid', '2024-12-01', '2025-06-08 03:41:27', '2025-06-08 08:00:03'),
(220, 59, '2024-06-01', '2900000.00', '150000.00', '200000.00', '250000.00', '2300000.00', 'Paid', '2024-06-01', '2025-06-08 03:41:27', '2025-06-08 08:00:03'),
(221, 59, '2024-07-01', '2900000.00', '150000.00', '200000.00', '250000.00', '2300000.00', 'Paid', '2024-07-01', '2025-06-08 03:41:27', '2025-06-08 08:00:03'),
(222, 59, '2024-07-31', '2900000.00', '150000.00', '200000.00', '250000.00', '2300000.00', 'Paid', '2024-07-31', '2025-06-08 03:41:27', '2025-06-08 08:00:03'),
(223, 60, '2024-10-01', '2900000.00', '150000.00', '200000.00', '250000.00', '2300000.00', 'Paid', '2024-10-01', '2025-06-08 03:41:27', '2025-06-08 08:00:03'),
(224, 60, '2024-10-31', '2900000.00', '150000.00', '200000.00', '250000.00', '2300000.00', 'Paid', '2024-10-31', '2025-06-08 03:41:27', '2025-06-08 08:00:03'),
(225, 60, '2024-11-30', '2900000.00', '150000.00', '200000.00', '250000.00', '2300000.00', 'Paid', '2024-11-30', '2025-06-08 03:41:27', '2025-06-08 08:00:03'),
(226, 60, '2024-12-30', '2900000.00', '150000.00', '200000.00', '250000.00', '2300000.00', 'Paid', '2024-12-30', '2025-06-08 03:41:27', '2025-06-08 08:00:03'),
(227, 60, '2025-01-29', '2900000.00', '150000.00', '200000.00', '250000.00', '2300000.00', 'Paid', '2025-01-29', '2025-06-08 03:41:27', '2025-06-08 08:00:03'),
(228, 60, '2025-02-28', '2900000.00', '150000.00', '200000.00', '250000.00', '2300000.00', 'Paid', '2025-02-28', '2025-06-08 03:41:27', '2025-06-08 08:00:03'),
(229, 61, '2024-07-01', '2900000.00', '150000.00', '200000.00', '250000.00', '2300000.00', 'Paid', '2024-07-01', '2025-06-08 03:41:27', '2025-06-08 08:00:03'),
(230, 61, '2024-07-31', '2900000.00', '150000.00', '200000.00', '250000.00', '2300000.00', 'Paid', '2024-07-31', '2025-06-08 03:41:27', '2025-06-08 08:00:03'),
(231, 61, '2024-08-30', '2900000.00', '150000.00', '200000.00', '250000.00', '2300000.00', 'Paid', '2024-08-30', '2025-06-08 03:41:27', '2025-06-08 08:00:03'),
(232, 62, '2024-04-01', '2900000.00', '150000.00', '200000.00', '250000.00', '2300000.00', 'Paid', '2024-04-01', '2025-06-08 03:41:27', '2025-06-08 08:00:03'),
(233, 62, '2024-05-01', '2900000.00', '150000.00', '200000.00', '250000.00', '2300000.00', 'Paid', '2024-05-01', '2025-06-08 03:41:27', '2025-06-08 08:00:03'),
(234, 62, '2024-05-31', '2900000.00', '150000.00', '200000.00', '250000.00', '2300000.00', 'Paid', '2024-05-31', '2025-06-08 03:41:27', '2025-06-08 08:00:03'),
(235, 63, '2024-09-01', '2900000.00', '150000.00', '200000.00', '250000.00', '2300000.00', 'Paid', '2024-09-01', '2025-06-08 03:41:27', '2025-06-08 08:00:03'),
(236, 63, '2024-10-01', '2900000.00', '150000.00', '200000.00', '250000.00', '2300000.00', 'Paid', '2024-10-01', '2025-06-08 03:41:27', '2025-06-08 08:00:03'),
(237, 63, '2024-10-31', '2900000.00', '150000.00', '200000.00', '250000.00', '2300000.00', 'Paid', '2024-10-31', '2025-06-08 03:41:27', '2025-06-08 08:00:03'),
(238, 63, '2024-11-30', '2900000.00', '150000.00', '200000.00', '250000.00', '2300000.00', 'Paid', '2024-11-30', '2025-06-08 03:41:27', '2025-06-08 08:00:03'),
(239, 63, '2024-12-30', '2900000.00', '150000.00', '200000.00', '250000.00', '2300000.00', 'Paid', '2024-12-30', '2025-06-08 03:41:27', '2025-06-08 08:00:03'),
(240, 64, '2024-01-01', '2900000.00', '150000.00', '200000.00', '250000.00', '2300000.00', 'Paid', '2024-01-01', '2025-06-08 03:41:27', '2025-06-08 08:00:03'),
(241, 64, '2024-01-31', '2900000.00', '150000.00', '200000.00', '250000.00', '2300000.00', 'Paid', '2024-01-31', '2025-06-08 03:41:27', '2025-06-08 08:00:03'),
(242, 64, '2024-03-01', '2900000.00', '150000.00', '200000.00', '250000.00', '2300000.00', 'Paid', '2024-03-01', '2025-06-08 03:41:27', '2025-06-08 08:00:03'),
(243, 64, '2024-03-31', '2900000.00', '150000.00', '200000.00', '250000.00', '2300000.00', 'Paid', '2024-03-31', '2025-06-08 03:41:27', '2025-06-08 08:00:03'),
(244, 64, '2024-04-30', '2900000.00', '150000.00', '200000.00', '250000.00', '2300000.00', 'Paid', '2024-04-30', '2025-06-08 03:41:27', '2025-06-08 08:00:03'),
(245, 64, '2024-05-30', '2900000.00', '150000.00', '200000.00', '250000.00', '2300000.00', 'Paid', '2024-05-30', '2025-06-08 03:41:27', '2025-06-08 08:00:03'),
(246, 65, '2024-04-01', '2900000.00', '150000.00', '200000.00', '250000.00', '2300000.00', 'Paid', '2024-04-01', '2025-06-08 03:41:27', '2025-06-08 08:00:03'),
(247, 65, '2024-05-01', '2900000.00', '150000.00', '200000.00', '250000.00', '2300000.00', 'Paid', '2024-05-01', '2025-06-08 03:41:27', '2025-06-08 08:00:03'),
(248, 65, '2024-05-31', '2900000.00', '150000.00', '200000.00', '250000.00', '2300000.00', 'Paid', '2024-05-31', '2025-06-08 03:41:27', '2025-06-08 08:00:03'),
(249, 65, '2024-06-30', '2900000.00', '150000.00', '200000.00', '250000.00', '2300000.00', 'Paid', '2024-06-30', '2025-06-08 03:41:27', '2025-06-08 08:00:03'),
(250, 65, '2024-07-30', '2900000.00', '150000.00', '200000.00', '250000.00', '2300000.00', 'Paid', '2024-07-30', '2025-06-08 03:41:27', '2025-06-08 08:00:03'),
(251, 66, '2024-07-01', '2900000.00', '150000.00', '200000.00', '250000.00', '2300000.00', 'Paid', '2024-07-01', '2025-06-08 03:41:27', '2025-06-08 08:00:03'),
(252, 66, '2024-07-31', '2900000.00', '150000.00', '200000.00', '250000.00', '2300000.00', 'Paid', '2024-07-31', '2025-06-08 03:41:27', '2025-06-08 08:00:03'),
(253, 66, '2024-08-30', '2900000.00', '150000.00', '200000.00', '250000.00', '2300000.00', 'Paid', '2024-08-30', '2025-06-08 03:41:27', '2025-06-08 08:00:03'),
(254, 67, '2024-05-01', '2900000.00', '150000.00', '200000.00', '250000.00', '2300000.00', 'Paid', '2024-05-01', '2025-06-08 03:41:27', '2025-06-08 08:00:03'),
(255, 67, '2024-05-31', '2900000.00', '150000.00', '200000.00', '250000.00', '2300000.00', 'Paid', '2024-05-31', '2025-06-08 03:41:27', '2025-06-08 08:00:03'),
(256, 68, '2024-07-01', '2900000.00', '150000.00', '200000.00', '250000.00', '2300000.00', 'Paid', '2024-07-01', '2025-06-08 03:41:27', '2025-06-08 08:00:03'),
(257, 68, '2024-07-31', '2900000.00', '150000.00', '200000.00', '250000.00', '2300000.00', 'Paid', '2024-07-31', '2025-06-08 03:41:27', '2025-06-08 08:00:03'),
(258, 68, '2024-08-30', '2900000.00', '150000.00', '200000.00', '250000.00', '2300000.00', 'Paid', '2024-08-30', '2025-06-08 03:41:27', '2025-06-08 08:00:03'),
(259, 68, '2024-09-29', '2900000.00', '150000.00', '200000.00', '250000.00', '2300000.00', 'Paid', '2024-09-29', '2025-06-08 03:41:27', '2025-06-08 08:00:03'),
(260, 68, '2024-10-29', '2900000.00', '150000.00', '200000.00', '250000.00', '2300000.00', 'Paid', '2024-10-29', '2025-06-08 03:41:27', '2025-06-08 08:00:03'),
(261, 69, '2024-12-01', '2900000.00', '150000.00', '200000.00', '250000.00', '2300000.00', 'Paid', '2024-12-01', '2025-06-08 03:41:27', '2025-06-08 08:00:03'),
(262, 69, '2024-12-31', '2900000.00', '150000.00', '200000.00', '250000.00', '2300000.00', 'Paid', '2024-12-31', '2025-06-08 03:41:27', '2025-06-08 08:00:03'),
(263, 69, '2025-01-30', '2900000.00', '150000.00', '200000.00', '250000.00', '2300000.00', 'Paid', '2025-01-30', '2025-06-08 03:41:27', '2025-06-08 08:00:03'),
(264, 69, '2025-03-01', '2900000.00', '150000.00', '200000.00', '250000.00', '2300000.00', 'Paid', '2025-03-01', '2025-06-08 03:41:27', '2025-06-08 08:00:03'),
(265, 69, '2025-03-31', '2900000.00', '150000.00', '200000.00', '250000.00', '2300000.00', 'Paid', '2025-03-31', '2025-06-08 03:41:27', '2025-06-08 08:00:03'),
(266, 70, '2024-07-01', '2900000.00', '150000.00', '200000.00', '250000.00', '2300000.00', 'Paid', '2024-07-01', '2025-06-08 03:41:27', '2025-06-08 08:00:03'),
(267, 70, '2024-07-31', '2900000.00', '150000.00', '200000.00', '250000.00', '2300000.00', 'Paid', '2024-07-31', '2025-06-08 03:41:27', '2025-06-08 08:00:03'),
(268, 70, '2024-08-30', '2900000.00', '150000.00', '200000.00', '250000.00', '2300000.00', 'Paid', '2024-08-30', '2025-06-08 03:41:27', '2025-06-08 08:00:03'),
(269, 70, '2024-09-29', '2900000.00', '150000.00', '200000.00', '250000.00', '2300000.00', 'Paid', '2024-09-29', '2025-06-08 03:41:27', '2025-06-08 08:00:03'),
(270, 70, '2024-10-29', '2900000.00', '150000.00', '200000.00', '250000.00', '2300000.00', 'Paid', '2024-10-29', '2025-06-08 03:41:27', '2025-06-08 08:00:03'),
(271, 70, '2024-11-28', '2900000.00', '150000.00', '200000.00', '250000.00', '2300000.00', 'Paid', '2024-11-28', '2025-06-08 03:41:27', '2025-06-08 08:00:03'),
(272, 71, '2024-11-01', '2900000.00', '150000.00', '200000.00', '250000.00', '2300000.00', 'Paid', '2024-11-01', '2025-06-08 03:41:27', '2025-06-08 08:00:03'),
(273, 71, '2024-12-01', '2900000.00', '150000.00', '200000.00', '250000.00', '2300000.00', 'Paid', '2024-12-01', '2025-06-08 03:41:27', '2025-06-08 08:00:03'),
(274, 71, '2024-12-31', '2900000.00', '150000.00', '200000.00', '250000.00', '2300000.00', 'Paid', '2024-12-31', '2025-06-08 03:41:27', '2025-06-08 08:00:03'),
(275, 71, '2025-01-30', '2900000.00', '150000.00', '200000.00', '250000.00', '2300000.00', 'Paid', '2025-01-30', '2025-06-08 03:41:27', '2025-06-08 08:00:03'),
(276, 71, '2025-03-01', '2900000.00', '150000.00', '200000.00', '250000.00', '2300000.00', 'Paid', '2025-03-01', '2025-06-08 03:41:27', '2025-06-08 08:00:03'),
(277, 72, '2024-10-01', '2900000.00', '150000.00', '200000.00', '250000.00', '2300000.00', 'Paid', '2024-10-01', '2025-06-08 03:41:27', '2025-06-08 08:00:03'),
(278, 72, '2024-10-31', '2900000.00', '150000.00', '200000.00', '250000.00', '2300000.00', 'Paid', '2024-10-31', '2025-06-08 03:41:27', '2025-06-08 08:00:03'),
(279, 73, '2024-05-01', '2900000.00', '150000.00', '200000.00', '250000.00', '2300000.00', 'Paid', '2024-05-01', '2025-06-08 03:41:27', '2025-06-08 08:00:03'),
(280, 74, '2024-04-01', '2900000.00', '150000.00', '200000.00', '250000.00', '2300000.00', 'Paid', '2024-04-01', '2025-06-08 03:41:27', '2025-06-08 08:00:03'),
(281, 74, '2024-05-01', '2900000.00', '150000.00', '200000.00', '250000.00', '2300000.00', 'Paid', '2024-05-01', '2025-06-08 03:41:27', '2025-06-08 08:00:03'),
(282, 75, '2024-10-01', '2900000.00', '150000.00', '200000.00', '250000.00', '2300000.00', 'Paid', '2024-10-01', '2025-06-08 03:41:27', '2025-06-08 08:00:03'),
(283, 75, '2024-10-31', '2900000.00', '150000.00', '200000.00', '250000.00', '2300000.00', 'Paid', '2024-10-31', '2025-06-08 03:41:27', '2025-06-08 08:00:03'),
(284, 75, '2024-11-30', '2900000.00', '150000.00', '200000.00', '250000.00', '2300000.00', 'Paid', '2024-11-30', '2025-06-08 03:41:27', '2025-06-08 08:00:03'),
(285, 75, '2024-12-30', '2900000.00', '150000.00', '200000.00', '250000.00', '2300000.00', 'Paid', '2024-12-30', '2025-06-08 03:41:27', '2025-06-08 08:00:03'),
(286, 75, '2025-01-29', '2900000.00', '150000.00', '200000.00', '250000.00', '2300000.00', 'Paid', '2025-01-29', '2025-06-08 03:41:27', '2025-06-08 08:00:03'),
(287, 75, '2025-02-28', '2900000.00', '150000.00', '200000.00', '250000.00', '2300000.00', 'Paid', '2025-02-28', '2025-06-08 03:41:27', '2025-06-08 08:00:03'),
(288, 76, '2024-11-01', '2900000.00', '150000.00', '200000.00', '250000.00', '2300000.00', 'Paid', '2024-11-01', '2025-06-08 03:41:27', '2025-06-08 08:00:03'),
(289, 76, '2024-12-01', '2900000.00', '150000.00', '200000.00', '250000.00', '2300000.00', 'Paid', '2024-12-01', '2025-06-08 03:41:27', '2025-06-08 08:00:03'),
(290, 76, '2024-12-31', '2900000.00', '150000.00', '200000.00', '250000.00', '2300000.00', 'Paid', '2024-12-31', '2025-06-08 03:41:27', '2025-06-08 08:00:03'),
(291, 76, '2025-01-30', '2900000.00', '150000.00', '200000.00', '250000.00', '2300000.00', 'Paid', '2025-01-30', '2025-06-08 03:41:27', '2025-06-08 08:00:03'),
(292, 76, '2025-03-01', '2900000.00', '150000.00', '200000.00', '250000.00', '2300000.00', 'Paid', '2025-03-01', '2025-06-08 03:41:27', '2025-06-08 08:00:03'),
(293, 76, '2025-03-31', '2900000.00', '150000.00', '200000.00', '250000.00', '2300000.00', 'Paid', '2025-03-31', '2025-06-08 03:41:27', '2025-06-08 08:00:03'),
(294, 77, '2024-12-01', '2900000.00', '150000.00', '200000.00', '250000.00', '2300000.00', 'Paid', '2024-12-01', '2025-06-08 03:41:27', '2025-06-08 08:00:03'),
(295, 77, '2024-12-31', '2900000.00', '150000.00', '200000.00', '250000.00', '2300000.00', 'Paid', '2024-12-31', '2025-06-08 03:41:27', '2025-06-08 08:00:03'),
(296, 77, '2025-01-30', '2900000.00', '150000.00', '200000.00', '250000.00', '2300000.00', 'Paid', '2025-01-30', '2025-06-08 03:41:27', '2025-06-08 08:00:03'),
(297, 77, '2025-03-01', '2900000.00', '150000.00', '200000.00', '250000.00', '2300000.00', 'Paid', '2025-03-01', '2025-06-08 03:41:27', '2025-06-08 08:00:03'),
(298, 78, '2024-06-01', '2900000.00', '150000.00', '200000.00', '250000.00', '2300000.00', 'Paid', '2024-06-01', '2025-06-08 03:41:27', '2025-06-08 08:00:03'),
(299, 78, '2024-07-01', '2900000.00', '150000.00', '200000.00', '250000.00', '2300000.00', 'Paid', '2024-07-01', '2025-06-08 03:41:27', '2025-06-08 08:00:03'),
(300, 79, '2024-05-01', '2900000.00', '150000.00', '200000.00', '250000.00', '2300000.00', 'Paid', '2024-05-01', '2025-06-08 03:41:27', '2025-06-08 08:00:03'),
(301, 79, '2024-05-31', '2900000.00', '150000.00', '200000.00', '250000.00', '2300000.00', 'Paid', '2024-05-31', '2025-06-08 03:41:27', '2025-06-08 08:00:03'),
(302, 79, '2024-06-30', '2900000.00', '150000.00', '200000.00', '250000.00', '2300000.00', 'Paid', '2024-06-30', '2025-06-08 03:41:27', '2025-06-08 08:00:03'),
(303, 79, '2024-07-30', '2900000.00', '150000.00', '200000.00', '250000.00', '2300000.00', 'Paid', '2024-07-30', '2025-06-08 03:41:27', '2025-06-08 08:00:03'),
(304, 79, '2024-08-29', '2900000.00', '150000.00', '200000.00', '250000.00', '2300000.00', 'Paid', '2024-08-29', '2025-06-08 03:41:27', '2025-06-08 08:00:03'),
(305, 79, '2024-09-28', '2900000.00', '150000.00', '200000.00', '250000.00', '2300000.00', 'Paid', '2024-09-28', '2025-06-08 03:41:27', '2025-06-08 08:00:03'),
(306, 80, '2024-06-01', '2900000.00', '150000.00', '200000.00', '250000.00', '2300000.00', 'Paid', '2024-06-01', '2025-06-08 03:41:27', '2025-06-08 08:00:03'),
(307, 80, '2024-07-01', '2900000.00', '150000.00', '200000.00', '250000.00', '2300000.00', 'Paid', '2024-07-01', '2025-06-08 03:41:27', '2025-06-08 08:00:03'),
(308, 80, '2024-07-31', '2900000.00', '150000.00', '200000.00', '250000.00', '2300000.00', 'Paid', '2024-07-31', '2025-06-08 03:41:27', '2025-06-08 08:00:03'),
(309, 80, '2024-08-30', '2900000.00', '150000.00', '200000.00', '250000.00', '2300000.00', 'Paid', '2024-08-30', '2025-06-08 03:41:27', '2025-06-08 08:00:03'),
(310, 81, '2024-02-01', '2900000.00', '150000.00', '200000.00', '250000.00', '2300000.00', 'Paid', '2024-02-01', '2025-06-08 03:41:27', '2025-06-08 08:00:03'),
(311, 81, '2024-03-02', '2900000.00', '150000.00', '200000.00', '250000.00', '2300000.00', 'Paid', '2024-03-02', '2025-06-08 03:41:27', '2025-06-08 08:00:03'),
(312, 81, '2024-04-01', '2900000.00', '150000.00', '200000.00', '250000.00', '2300000.00', 'Paid', '2024-04-01', '2025-06-08 03:41:27', '2025-06-08 08:00:03'),
(313, 82, '2024-10-01', '2900000.00', '150000.00', '200000.00', '250000.00', '2300000.00', 'Paid', '2024-10-01', '2025-06-08 03:41:27', '2025-06-08 08:00:03'),
(314, 82, '2024-10-31', '2900000.00', '150000.00', '200000.00', '250000.00', '2300000.00', 'Paid', '2024-10-31', '2025-06-08 03:41:27', '2025-06-08 08:00:03'),
(315, 82, '2024-11-30', '2900000.00', '150000.00', '200000.00', '250000.00', '2300000.00', 'Paid', '2024-11-30', '2025-06-08 03:41:27', '2025-06-08 08:00:03');
INSERT INTO `Bills` (`bill_id`, `contract_id`, `bill_month`, `total_amount`, `water_amount`, `electricity_amount`, `service_amount`, `rent_amount`, `payment_status`, `payment_date`, `created_at`, `updated_at`) VALUES
(316, 82, '2024-12-30', '2900000.00', '150000.00', '200000.00', '250000.00', '2300000.00', 'Paid', '2024-12-30', '2025-06-08 03:41:27', '2025-06-08 08:00:03'),
(317, 82, '2025-01-29', '2900000.00', '150000.00', '200000.00', '250000.00', '2300000.00', 'Paid', '2025-01-29', '2025-06-08 03:41:27', '2025-06-08 08:00:03'),
(318, 82, '2025-02-28', '2900000.00', '150000.00', '200000.00', '250000.00', '2300000.00', 'Paid', '2025-02-28', '2025-06-08 03:41:27', '2025-06-08 08:00:03'),
(319, 83, '2024-08-01', '2900000.00', '150000.00', '200000.00', '250000.00', '2300000.00', 'Paid', '2024-08-01', '2025-06-08 03:41:27', '2025-06-08 08:00:03'),
(320, 83, '2024-08-31', '2900000.00', '150000.00', '200000.00', '250000.00', '2300000.00', 'Paid', '2024-08-31', '2025-06-08 03:41:27', '2025-06-08 08:00:03'),
(321, 83, '2024-09-30', '2900000.00', '150000.00', '200000.00', '250000.00', '2300000.00', 'Paid', '2024-09-30', '2025-06-08 03:41:27', '2025-06-08 08:00:03'),
(322, 83, '2024-10-30', '2900000.00', '150000.00', '200000.00', '250000.00', '2300000.00', 'Paid', '2024-10-30', '2025-06-08 03:41:27', '2025-06-08 08:00:03'),
(323, 83, '2024-11-29', '2900000.00', '150000.00', '200000.00', '250000.00', '2300000.00', 'Paid', '2024-11-29', '2025-06-08 03:41:27', '2025-06-08 08:00:03'),
(324, 84, '2024-08-01', '2900000.00', '150000.00', '200000.00', '250000.00', '2300000.00', 'Paid', '2024-08-01', '2025-06-08 03:41:27', '2025-06-08 08:00:03'),
(325, 84, '2024-08-31', '2900000.00', '150000.00', '200000.00', '250000.00', '2300000.00', 'Paid', '2024-08-31', '2025-06-08 03:41:27', '2025-06-08 08:00:03'),
(326, 84, '2024-09-30', '2900000.00', '150000.00', '200000.00', '250000.00', '2300000.00', 'Paid', '2024-09-30', '2025-06-08 03:41:27', '2025-06-08 08:00:03'),
(327, 84, '2024-10-30', '2900000.00', '150000.00', '200000.00', '250000.00', '2300000.00', 'Paid', '2024-10-30', '2025-06-08 03:41:27', '2025-06-08 08:00:03'),
(328, 84, '2024-11-29', '2900000.00', '150000.00', '200000.00', '250000.00', '2300000.00', 'Paid', '2024-11-29', '2025-06-08 03:41:27', '2025-06-08 08:00:03'),
(329, 85, '2024-06-01', '2900000.00', '150000.00', '200000.00', '250000.00', '2300000.00', 'Paid', '2024-06-01', '2025-06-08 03:41:27', '2025-06-08 08:00:03'),
(330, 85, '2024-07-01', '2900000.00', '150000.00', '200000.00', '250000.00', '2300000.00', 'Paid', '2024-07-01', '2025-06-08 03:41:27', '2025-06-08 08:00:03'),
(331, 86, '2024-10-01', '2900000.00', '150000.00', '200000.00', '250000.00', '2300000.00', 'Paid', '2024-10-01', '2025-06-08 03:41:27', '2025-06-08 08:00:03'),
(332, 86, '2024-10-31', '2900000.00', '150000.00', '200000.00', '250000.00', '2300000.00', 'Paid', '2024-10-31', '2025-06-08 03:41:27', '2025-06-08 08:00:03'),
(333, 86, '2024-11-30', '2900000.00', '150000.00', '200000.00', '250000.00', '2300000.00', 'Paid', '2024-11-30', '2025-06-08 03:41:27', '2025-06-08 08:00:03'),
(334, 86, '2024-12-30', '2900000.00', '150000.00', '200000.00', '250000.00', '2300000.00', 'Paid', '2024-12-30', '2025-06-08 03:41:27', '2025-06-08 08:00:03'),
(335, 86, '2025-01-29', '2900000.00', '150000.00', '200000.00', '250000.00', '2300000.00', 'Paid', '2025-01-29', '2025-06-08 03:41:27', '2025-06-08 08:00:03'),
(336, 86, '2025-02-28', '2900000.00', '150000.00', '200000.00', '250000.00', '2300000.00', 'Paid', '2025-02-28', '2025-06-08 03:41:27', '2025-06-08 08:00:03'),
(337, 87, '2024-02-01', '2900000.00', '150000.00', '200000.00', '250000.00', '2300000.00', 'Paid', '2024-02-01', '2025-06-08 03:41:27', '2025-06-08 08:00:03'),
(338, 87, '2024-03-02', '2900000.00', '150000.00', '200000.00', '250000.00', '2300000.00', 'Paid', '2024-03-02', '2025-06-08 03:41:27', '2025-06-08 08:00:03'),
(339, 88, '2024-01-01', '2900000.00', '150000.00', '200000.00', '250000.00', '2300000.00', 'Paid', '2024-01-01', '2025-06-08 03:41:27', '2025-06-08 08:00:03'),
(340, 88, '2024-01-31', '2900000.00', '150000.00', '200000.00', '250000.00', '2300000.00', 'Paid', '2024-01-31', '2025-06-08 03:41:27', '2025-06-08 08:00:03'),
(341, 89, '2024-01-01', '2900000.00', '150000.00', '200000.00', '250000.00', '2300000.00', 'Paid', '2024-01-01', '2025-06-08 03:41:27', '2025-06-08 08:00:03'),
(342, 89, '2024-01-31', '2900000.00', '150000.00', '200000.00', '250000.00', '2300000.00', 'Paid', '2024-01-31', '2025-06-08 03:41:27', '2025-06-08 08:00:03'),
(343, 89, '2024-03-01', '2900000.00', '150000.00', '200000.00', '250000.00', '2300000.00', 'Paid', '2024-03-01', '2025-06-08 03:41:27', '2025-06-08 08:00:03'),
(344, 89, '2024-03-31', '2900000.00', '150000.00', '200000.00', '250000.00', '2300000.00', 'Paid', '2024-03-31', '2025-06-08 03:41:27', '2025-06-08 08:00:03'),
(345, 90, '2024-05-01', '2900000.00', '150000.00', '200000.00', '250000.00', '2300000.00', 'Paid', '2024-05-01', '2025-06-08 03:41:27', '2025-06-08 08:00:03'),
(346, 90, '2024-05-31', '2900000.00', '150000.00', '200000.00', '250000.00', '2300000.00', 'Paid', '2024-05-31', '2025-06-08 03:41:27', '2025-06-08 08:00:03'),
(347, 90, '2024-06-30', '2900000.00', '150000.00', '200000.00', '250000.00', '2300000.00', 'Paid', '2024-06-30', '2025-06-08 03:41:27', '2025-06-08 08:00:03'),
(348, 91, '2024-09-01', '2900000.00', '150000.00', '200000.00', '250000.00', '2300000.00', 'Paid', '2024-09-01', '2025-06-08 03:41:27', '2025-06-08 08:00:03'),
(349, 91, '2024-10-01', '2900000.00', '150000.00', '200000.00', '250000.00', '2300000.00', 'Paid', '2024-10-01', '2025-06-08 03:41:27', '2025-06-08 08:00:03'),
(350, 91, '2024-10-31', '2900000.00', '150000.00', '200000.00', '250000.00', '2300000.00', 'Paid', '2024-10-31', '2025-06-08 03:41:27', '2025-06-08 08:00:03'),
(351, 91, '2024-11-30', '2900000.00', '150000.00', '200000.00', '250000.00', '2300000.00', 'Paid', '2024-11-30', '2025-06-08 03:41:27', '2025-06-08 08:00:03'),
(352, 92, '2024-06-01', '2900000.00', '150000.00', '200000.00', '250000.00', '2300000.00', 'Paid', '2024-06-01', '2025-06-08 03:41:27', '2025-06-08 08:00:03'),
(353, 92, '2024-07-01', '2900000.00', '150000.00', '200000.00', '250000.00', '2300000.00', 'Paid', '2024-07-01', '2025-06-08 03:41:27', '2025-06-08 08:00:03'),
(354, 93, '2024-05-01', '2900000.00', '150000.00', '200000.00', '250000.00', '2300000.00', 'Paid', '2024-05-01', '2025-06-08 03:41:27', '2025-06-08 08:00:03'),
(355, 93, '2024-05-31', '2900000.00', '150000.00', '200000.00', '250000.00', '2300000.00', 'Paid', '2024-05-31', '2025-06-08 03:41:27', '2025-06-08 08:00:03'),
(356, 93, '2024-06-30', '2900000.00', '150000.00', '200000.00', '250000.00', '2300000.00', 'Paid', '2024-06-30', '2025-06-08 03:41:27', '2025-06-08 08:00:03'),
(357, 93, '2024-07-30', '2900000.00', '150000.00', '200000.00', '250000.00', '2300000.00', 'Paid', '2024-07-30', '2025-06-08 03:41:27', '2025-06-08 08:00:03'),
(358, 93, '2024-08-29', '2900000.00', '150000.00', '200000.00', '250000.00', '2300000.00', 'Paid', '2024-08-29', '2025-06-08 03:41:27', '2025-06-08 08:00:03'),
(359, 93, '2024-09-28', '2900000.00', '150000.00', '200000.00', '250000.00', '2300000.00', 'Paid', '2024-09-28', '2025-06-08 03:41:27', '2025-06-08 08:00:03'),
(360, 94, '2024-04-01', '2900000.00', '150000.00', '200000.00', '250000.00', '2300000.00', 'Paid', '2024-04-01', '2025-06-08 03:41:27', '2025-06-08 08:00:03'),
(361, 94, '2024-05-01', '2900000.00', '150000.00', '200000.00', '250000.00', '2300000.00', 'Paid', '2024-05-01', '2025-06-08 03:41:27', '2025-06-08 08:00:03'),
(362, 94, '2024-05-31', '2900000.00', '150000.00', '200000.00', '250000.00', '2300000.00', 'Paid', '2024-05-31', '2025-06-08 03:41:27', '2025-06-08 08:00:03'),
(363, 94, '2024-06-30', '2900000.00', '150000.00', '200000.00', '250000.00', '2300000.00', 'Paid', '2024-06-30', '2025-06-08 03:41:27', '2025-06-08 08:00:03'),
(364, 95, '2024-08-01', '2900000.00', '150000.00', '200000.00', '250000.00', '2300000.00', 'Paid', '2024-08-01', '2025-06-08 03:41:27', '2025-06-08 08:00:03'),
(365, 95, '2024-08-31', '2900000.00', '150000.00', '200000.00', '250000.00', '2300000.00', 'Paid', '2024-08-31', '2025-06-08 03:41:27', '2025-06-08 08:00:03'),
(366, 96, '2024-09-01', '2900000.00', '150000.00', '200000.00', '250000.00', '2300000.00', 'Paid', '2024-09-01', '2025-06-08 03:41:27', '2025-06-08 08:00:03'),
(367, 96, '2024-10-01', '2900000.00', '150000.00', '200000.00', '250000.00', '2300000.00', 'Paid', '2024-10-01', '2025-06-08 03:41:27', '2025-06-08 08:00:03'),
(368, 97, '2024-04-01', '2900000.00', '150000.00', '200000.00', '250000.00', '2300000.00', 'Paid', '2024-04-01', '2025-06-08 03:41:27', '2025-06-08 08:00:03'),
(369, 97, '2024-05-01', '2900000.00', '150000.00', '200000.00', '250000.00', '2300000.00', 'Paid', '2024-05-01', '2025-06-08 03:41:27', '2025-06-08 08:00:03'),
(370, 97, '2024-05-31', '2900000.00', '150000.00', '200000.00', '250000.00', '2300000.00', 'Paid', '2024-05-31', '2025-06-08 03:41:27', '2025-06-08 08:00:03'),
(371, 97, '2024-06-30', '2900000.00', '150000.00', '200000.00', '250000.00', '2300000.00', 'Paid', '2024-06-30', '2025-06-08 03:41:27', '2025-06-08 08:00:03'),
(372, 97, '2024-07-30', '2900000.00', '150000.00', '200000.00', '250000.00', '2300000.00', 'Paid', '2024-07-30', '2025-06-08 03:41:27', '2025-06-08 08:00:03'),
(373, 98, '2024-06-01', '2900000.00', '150000.00', '200000.00', '250000.00', '2300000.00', 'Paid', '2024-06-01', '2025-06-08 03:41:27', '2025-06-08 08:00:03'),
(374, 98, '2024-07-01', '2900000.00', '150000.00', '200000.00', '250000.00', '2300000.00', 'Paid', '2024-07-01', '2025-06-08 03:41:27', '2025-06-08 08:00:03'),
(375, 98, '2024-07-31', '2900000.00', '150000.00', '200000.00', '250000.00', '2300000.00', 'Paid', '2024-07-31', '2025-06-08 03:41:27', '2025-06-08 08:00:03'),
(376, 98, '2024-08-30', '2900000.00', '150000.00', '200000.00', '250000.00', '2300000.00', 'Paid', '2024-08-30', '2025-06-08 03:41:27', '2025-06-08 08:00:03'),
(377, 99, '2024-02-01', '2900000.00', '150000.00', '200000.00', '250000.00', '2300000.00', 'Paid', '2024-02-01', '2025-06-08 03:41:27', '2025-06-08 08:00:03'),
(378, 99, '2024-03-02', '2900000.00', '150000.00', '200000.00', '250000.00', '2300000.00', 'Paid', '2024-03-02', '2025-06-08 03:41:27', '2025-06-08 08:00:03'),
(379, 99, '2024-04-01', '2900000.00', '150000.00', '200000.00', '250000.00', '2300000.00', 'Paid', '2024-04-01', '2025-06-08 03:41:27', '2025-06-08 08:00:03'),
(380, 99, '2024-05-01', '2900000.00', '150000.00', '200000.00', '250000.00', '2300000.00', 'Paid', '2024-05-01', '2025-06-08 03:41:27', '2025-06-08 08:00:03'),
(381, 99, '2024-05-31', '2900000.00', '150000.00', '200000.00', '250000.00', '2300000.00', 'Paid', '2024-05-31', '2025-06-08 03:41:27', '2025-06-08 08:00:03'),
(382, 100, '2024-03-01', '2900000.00', '150000.00', '200000.00', '250000.00', '2300000.00', 'Paid', '2024-03-01', '2025-06-08 03:41:27', '2025-06-08 08:00:03'),
(383, 100, '2024-03-31', '2900000.00', '150000.00', '200000.00', '250000.00', '2300000.00', 'Paid', '2024-03-31', '2025-06-08 03:41:27', '2025-06-08 08:00:03'),
(384, 100, '2024-04-30', '2900000.00', '150000.00', '200000.00', '250000.00', '2300000.00', 'Paid', '2024-04-30', '2025-06-08 03:41:27', '2025-06-08 08:00:03'),
(385, 100, '2024-05-30', '2900000.00', '150000.00', '200000.00', '250000.00', '2300000.00', 'Paid', '2024-05-30', '2025-06-08 03:41:27', '2025-06-08 08:00:03'),
(386, 100, '2024-06-29', '2900000.00', '150000.00', '200000.00', '250000.00', '2300000.00', 'Paid', '2024-06-29', '2025-06-08 03:41:27', '2025-06-08 08:00:03'),
(387, 100, '2024-07-29', '2900000.00', '150000.00', '200000.00', '250000.00', '2300000.00', 'Paid', '2024-07-29', '2025-06-08 03:41:27', '2025-06-08 08:00:03'),
(388, 101, '2024-10-01', '2900000.00', '150000.00', '200000.00', '250000.00', '2300000.00', 'Paid', '2024-10-01', '2025-06-08 03:41:27', '2025-06-08 08:00:03'),
(389, 101, '2024-10-31', '2900000.00', '150000.00', '200000.00', '250000.00', '2300000.00', 'Paid', '2024-10-31', '2025-06-08 03:41:27', '2025-06-08 08:00:03'),
(390, 101, '2024-11-30', '2900000.00', '150000.00', '200000.00', '250000.00', '2300000.00', 'Paid', '2024-11-30', '2025-06-08 03:41:27', '2025-06-08 08:00:03'),
(391, 101, '2024-12-30', '2900000.00', '150000.00', '200000.00', '250000.00', '2300000.00', 'Paid', '2024-12-30', '2025-06-08 03:41:27', '2025-06-08 08:00:03'),
(392, 101, '2025-01-29', '2900000.00', '150000.00', '200000.00', '250000.00', '2300000.00', 'Paid', '2025-01-29', '2025-06-08 03:41:27', '2025-06-08 08:00:03'),
(393, 102, '2024-07-01', '2900000.00', '150000.00', '200000.00', '250000.00', '2300000.00', 'Paid', '2024-07-01', '2025-06-08 03:41:27', '2025-06-08 08:00:03'),
(394, 102, '2024-07-31', '2900000.00', '150000.00', '200000.00', '250000.00', '2300000.00', 'Paid', '2024-07-31', '2025-06-08 03:41:27', '2025-06-08 08:00:03'),
(395, 102, '2024-08-30', '2900000.00', '150000.00', '200000.00', '250000.00', '2300000.00', 'Paid', '2024-08-30', '2025-06-08 03:41:27', '2025-06-08 08:00:03'),
(396, 102, '2024-09-29', '2900000.00', '150000.00', '200000.00', '250000.00', '2300000.00', 'Paid', '2024-09-29', '2025-06-08 03:41:27', '2025-06-08 08:00:03'),
(397, 102, '2024-10-29', '2900000.00', '150000.00', '200000.00', '250000.00', '2300000.00', 'Paid', '2024-10-29', '2025-06-08 03:41:27', '2025-06-08 08:00:03'),
(398, 102, '2024-11-28', '2900000.00', '150000.00', '200000.00', '250000.00', '2300000.00', 'Paid', '2024-11-28', '2025-06-08 03:41:27', '2025-06-08 08:00:03'),
(399, 103, '2024-05-01', '2900000.00', '150000.00', '200000.00', '250000.00', '2300000.00', 'Paid', '2024-05-01', '2025-06-08 03:41:27', '2025-06-08 08:00:03'),
(400, 103, '2024-05-31', '2900000.00', '150000.00', '200000.00', '250000.00', '2300000.00', 'Paid', '2024-05-31', '2025-06-08 03:41:27', '2025-06-08 08:00:03'),
(401, 103, '2024-06-30', '2900000.00', '150000.00', '200000.00', '250000.00', '2300000.00', 'Paid', '2024-06-30', '2025-06-08 03:41:27', '2025-06-08 08:00:03'),
(402, 104, '2024-12-01', '2900000.00', '150000.00', '200000.00', '250000.00', '2300000.00', 'Paid', '2024-12-01', '2025-06-08 03:41:27', '2025-06-08 08:00:03'),
(403, 104, '2024-12-31', '2900000.00', '150000.00', '200000.00', '250000.00', '2300000.00', 'Paid', '2024-12-31', '2025-06-08 03:41:27', '2025-06-08 08:00:03'),
(404, 104, '2025-01-30', '2900000.00', '150000.00', '200000.00', '250000.00', '2300000.00', 'Paid', '2025-01-30', '2025-06-08 03:41:27', '2025-06-08 08:00:03'),
(405, 104, '2025-03-01', '2900000.00', '150000.00', '200000.00', '250000.00', '2300000.00', 'Paid', '2025-03-01', '2025-06-08 03:41:27', '2025-06-08 08:00:03'),
(406, 104, '2025-03-31', '2900000.00', '150000.00', '200000.00', '250000.00', '2300000.00', 'Paid', '2025-03-31', '2025-06-08 03:41:27', '2025-06-08 08:00:03'),
(407, 104, '2025-04-30', '2900000.00', '150000.00', '200000.00', '250000.00', '2300000.00', 'Paid', '2025-04-30', '2025-06-08 03:41:27', '2025-06-08 08:00:03'),
(408, 105, '2024-06-01', '2900000.00', '150000.00', '200000.00', '250000.00', '2300000.00', 'Paid', '2024-06-01', '2025-06-08 03:41:27', '2025-06-08 08:00:03'),
(409, 105, '2024-07-01', '2900000.00', '150000.00', '200000.00', '250000.00', '2300000.00', 'Paid', '2024-07-01', '2025-06-08 03:41:27', '2025-06-08 08:00:03'),
(410, 105, '2024-07-31', '2900000.00', '150000.00', '200000.00', '250000.00', '2300000.00', 'Paid', '2024-07-31', '2025-06-08 03:41:27', '2025-06-08 08:00:03'),
(411, 105, '2024-08-30', '2900000.00', '150000.00', '200000.00', '250000.00', '2300000.00', 'Paid', '2024-08-30', '2025-06-08 03:41:27', '2025-06-08 08:00:03'),
(412, 106, '2024-12-01', '2900000.00', '150000.00', '200000.00', '250000.00', '2300000.00', 'Paid', '2024-12-01', '2025-06-08 03:41:27', '2025-06-08 08:00:03'),
(413, 106, '2024-12-31', '2900000.00', '150000.00', '200000.00', '250000.00', '2300000.00', 'Paid', '2024-12-31', '2025-06-08 03:41:27', '2025-06-08 08:00:03'),
(414, 106, '2025-01-30', '2900000.00', '150000.00', '200000.00', '250000.00', '2300000.00', 'Paid', '2025-01-30', '2025-06-08 03:41:27', '2025-06-08 08:00:03'),
(415, 106, '2025-03-01', '2900000.00', '150000.00', '200000.00', '250000.00', '2300000.00', 'Paid', '2025-03-01', '2025-06-08 03:41:27', '2025-06-08 08:00:03'),
(416, 106, '2025-03-31', '2900000.00', '150000.00', '200000.00', '250000.00', '2300000.00', 'Paid', '2025-03-31', '2025-06-08 03:41:27', '2025-06-08 08:00:03'),
(417, 107, '2024-04-01', '2900000.00', '150000.00', '200000.00', '250000.00', '2300000.00', 'Paid', '2024-04-01', '2025-06-08 03:41:27', '2025-06-08 08:00:03'),
(418, 107, '2024-05-01', '2900000.00', '150000.00', '200000.00', '250000.00', '2300000.00', 'Paid', '2024-05-01', '2025-06-08 03:41:27', '2025-06-08 08:00:03'),
(419, 107, '2024-05-31', '2900000.00', '150000.00', '200000.00', '250000.00', '2300000.00', 'Paid', '2024-05-31', '2025-06-08 03:41:27', '2025-06-08 08:00:03'),
(420, 108, '2024-12-01', '2900000.00', '150000.00', '200000.00', '250000.00', '2300000.00', 'Paid', '2024-12-01', '2025-06-08 03:41:27', '2025-06-08 08:00:03'),
(421, 108, '2024-12-31', '2900000.00', '150000.00', '200000.00', '250000.00', '2300000.00', 'Paid', '2024-12-31', '2025-06-08 03:41:27', '2025-06-08 08:00:03'),
(422, 109, '2024-09-01', '2900000.00', '150000.00', '200000.00', '250000.00', '2300000.00', 'Paid', '2024-09-01', '2025-06-08 03:41:27', '2025-06-08 08:00:03'),
(423, 110, '2024-05-01', '2900000.00', '150000.00', '200000.00', '250000.00', '2300000.00', 'Paid', '2024-05-01', '2025-06-08 03:41:27', '2025-06-08 08:00:03'),
(424, 110, '2024-05-31', '2900000.00', '150000.00', '200000.00', '250000.00', '2300000.00', 'Paid', '2024-05-31', '2025-06-08 03:41:27', '2025-06-08 08:00:03'),
(425, 110, '2024-06-30', '2900000.00', '150000.00', '200000.00', '250000.00', '2300000.00', 'Paid', '2024-06-30', '2025-06-08 03:41:27', '2025-06-08 08:00:03'),
(426, 111, '2024-07-01', '2900000.00', '150000.00', '200000.00', '250000.00', '2300000.00', 'Paid', '2024-07-01', '2025-06-08 03:41:27', '2025-06-08 08:00:03'),
(427, 111, '2024-07-31', '2900000.00', '150000.00', '200000.00', '250000.00', '2300000.00', 'Paid', '2024-07-31', '2025-06-08 03:41:27', '2025-06-08 08:00:03'),
(428, 111, '2024-08-30', '2900000.00', '150000.00', '200000.00', '250000.00', '2300000.00', 'Paid', '2024-08-30', '2025-06-08 03:41:27', '2025-06-08 08:00:03'),
(429, 111, '2024-09-29', '2900000.00', '150000.00', '200000.00', '250000.00', '2300000.00', 'Paid', '2024-09-29', '2025-06-08 03:41:27', '2025-06-08 08:00:03'),
(430, 112, '2024-08-01', '2900000.00', '150000.00', '200000.00', '250000.00', '2300000.00', 'Paid', '2024-08-01', '2025-06-08 03:41:27', '2025-06-08 08:00:03'),
(431, 113, '2024-01-01', '2900000.00', '150000.00', '200000.00', '250000.00', '2300000.00', 'Paid', '2024-01-01', '2025-06-08 03:41:27', '2025-06-08 08:00:03'),
(432, 114, '2024-04-01', '2900000.00', '150000.00', '200000.00', '250000.00', '2300000.00', 'Paid', '2024-04-01', '2025-06-08 03:41:27', '2025-06-08 08:00:03'),
(433, 114, '2024-05-01', '2900000.00', '150000.00', '200000.00', '250000.00', '2300000.00', 'Paid', '2024-05-01', '2025-06-08 03:41:27', '2025-06-08 08:00:03'),
(434, 114, '2024-05-31', '2900000.00', '150000.00', '200000.00', '250000.00', '2300000.00', 'Paid', '2024-05-31', '2025-06-08 03:41:27', '2025-06-08 08:00:03'),
(435, 114, '2024-06-30', '2900000.00', '150000.00', '200000.00', '250000.00', '2300000.00', 'Paid', '2024-06-30', '2025-06-08 03:41:27', '2025-06-08 08:00:03'),
(436, 115, '2025-06-08', '12500000.00', '0.00', '0.00', '0.00', '12500000.00', 'Paid', '2025-06-08', '2025-06-08 03:50:28', '2025-06-08 08:00:03'),
(437, 116, '2025-06-08', '7500000.00', '0.00', '0.00', '0.00', '7500000.00', 'Paid', '2025-06-08', '2025-06-08 04:05:47', '2025-06-08 08:00:03'),
(438, 117, '2025-06-08', '22500000.00', '0.00', '0.00', '0.00', '22500000.00', 'Paid', '2025-06-08', '2025-06-08 04:07:58', '2025-06-08 08:00:03'),
(439, 118, '2025-06-08', '20000000.00', '0.00', '0.00', '0.00', '20000000.00', 'Paid', '2025-06-08', '2025-06-08 04:09:30', '2025-06-08 08:00:03'),
(440, 119, '2025-06-08', '12500000.00', '0.00', '0.00', '0.00', '12500000.00', 'Paid', NULL, '2025-06-08 08:14:52', '2025-06-08 08:14:52'),
(441, 120, '2025-06-08', '7500000.00', '0.00', '0.00', '0.00', '7500000.00', 'Paid', NULL, '2025-06-08 08:15:14', '2025-06-08 08:15:14'),
(442, 121, '2025-06-08', '12500000.00', '0.00', '0.00', '0.00', '12500000.00', 'Paid', NULL, '2025-06-08 08:16:48', '2025-06-08 08:16:48'),
(443, 122, '2025-06-08', '5000000.00', '0.00', '0.00', '0.00', '5000000.00', 'Paid', NULL, '2025-06-08 08:19:29', '2025-06-08 08:19:29'),
(444, 123, '2025-06-08', '5000000.00', '0.00', '0.00', '0.00', '5000000.00', 'Paid', NULL, '2025-06-08 08:22:06', '2025-06-08 08:22:06'),
(445, 124, '2025-06-08', '12500000.00', '0.00', '0.00', '0.00', '12500000.00', 'Paid', '2025-06-08', '2025-06-08 08:28:37', '2025-06-08 08:28:37'),
(446, 126, '2025-06-08', '5000000.00', '0.00', '0.00', '0.00', '5000000.00', 'Paid', '2025-06-08', '2025-06-08 08:39:14', '2025-06-08 08:39:14'),
(447, 127, '2025-06-08', '5000000.00', '0.00', '0.00', '0.00', '5000000.00', 'Paid', '2025-06-08', '2025-06-08 08:41:03', '2025-06-08 08:41:03'),
(448, 128, '2025-06-08', '5000000.00', '0.00', '0.00', '0.00', '5000000.00', 'Paid', '2025-06-08', '2025-06-08 08:43:36', '2025-06-08 08:43:36'),
(449, 129, '2025-06-08', '15000000.00', '0.00', '0.00', '0.00', '15000000.00', 'Paid', '2025-06-08', '2025-06-08 08:43:53', '2025-06-08 08:43:53'),
(450, 130, '2025-06-08', '5000000.00', '0.00', '0.00', '0.00', '5000000.00', 'Paid', '2025-06-08', '2025-06-08 08:45:21', '2025-06-08 08:45:21'),
(451, 131, '2025-06-08', '7500000.00', '0.00', '0.00', '0.00', '7500000.00', 'Paid', '2025-06-08', '2025-06-08 08:45:33', '2025-06-08 08:45:33'),
(452, 120, '2025-07-08', '74000.00', '60000.00', '14000.00', '0.00', '0.00', 'Unpaid', NULL, '2025-06-08 08:47:02', '2025-06-08 08:47:02'),
(453, 122, '2025-07-08', '111000.00', '90000.00', '21000.00', '0.00', '0.00', 'Unpaid', NULL, '2025-06-08 08:47:40', '2025-06-08 08:47:40'),
(454, 122, '2025-08-08', '99500.00', '75000.00', '24500.00', '0.00', '0.00', 'Paid', '2025-06-08', '2025-06-08 08:48:01', '2025-06-08 08:52:15'),
(455, 122, '2025-09-08', '7577500.00', '60000.00', '17500.00', '0.00', '7500000.00', 'Paid', '2025-06-08', '2025-06-08 08:48:26', '2025-06-08 08:52:11');

-- --------------------------------------------------------

--
-- Table structure for table `Contracts`
--

CREATE TABLE `Contracts` (
  `contract_id` int(11) NOT NULL,
  `room_id` int(11) DEFAULT NULL,
  `renter_id` int(11) DEFAULT NULL,
  `start_date` date NOT NULL,
  `end_date` date DEFAULT NULL,
  `deposit_amount` decimal(10,2) DEFAULT '0.00',
  `term_months` int(11) DEFAULT '1',
  `status` enum('Active','Completed','Terminated') DEFAULT 'Active',
  `is_active` tinyint(1) DEFAULT '1'
) ENGINE=InnoDB DEFAULT CHARSET=utf8mb4;

--
-- Dumping data for table `Contracts`
--

INSERT INTO `Contracts` (`contract_id`, `room_id`, `renter_id`, `start_date`, `end_date`, `deposit_amount`, `term_months`, `status`, `is_active`) VALUES
(1, 1, 5, '2024-08-01', '2024-08-31', '500000.00', 1, 'Completed', 0),
(2, 1, 7, '2024-07-01', '2024-07-31', '500000.00', 1, 'Completed', 0),
(3, 2, 10, '2024-03-01', '2024-05-30', '500000.00', 3, 'Completed', 1),
(4, 3, 7, '2024-08-01', '2024-09-30', '500000.00', 2, 'Completed', 1),
(5, 3, 9, '2024-08-01', '2024-10-30', '500000.00', 3, 'Completed', 1),
(6, 4, 5, '2024-08-01', '2025-01-28', '500000.00', 6, 'Completed', 1),
(7, 4, 10, '2024-08-01', '2024-10-30', '500000.00', 3, 'Completed', 1),
(8, 5, 7, '2024-01-01', '2024-06-29', '500000.00', 6, 'Completed', 1),
(9, 6, 8, '2024-10-01', '2025-01-29', '500000.00', 4, 'Completed', 1),
(10, 7, 5, '2024-12-01', '2025-01-30', '500000.00', 2, 'Completed', 1),
(11, 7, 6, '2024-05-01', '2024-10-28', '500000.00', 6, 'Completed', 1),
(12, 8, 9, '2024-02-01', '2024-06-30', '500000.00', 5, 'Completed', 1),
(13, 9, 7, '2024-06-01', '2024-07-31', '500000.00', 2, 'Completed', 1),
(14, 10, 5, '2024-05-01', '2024-10-28', '500000.00', 6, 'Completed', 1),
(15, 10, 8, '2024-09-01', '2025-02-28', '500000.00', 6, 'Completed', 1),
(16, 11, 9, '2024-07-01', '2024-11-28', '500000.00', 5, 'Completed', 1),
(17, 11, 8, '2024-10-01', '2024-10-31', '500000.00', 1, 'Completed', 1),
(18, 12, 7, '2024-08-01', '2024-12-29', '500000.00', 5, 'Completed', 1),
(19, 12, 6, '2024-11-01', '2025-04-30', '500000.00', 6, 'Completed', 1),
(20, 13, 9, '2024-03-01', '2024-06-29', '500000.00', 4, 'Completed', 1),
(21, 14, 6, '2024-03-01', '2024-05-30', '500000.00', 3, 'Completed', 1),
(22, 14, 8, '2024-10-01', '2024-10-31', '500000.00', 1, 'Completed', 1),
(23, 15, 5, '2024-08-01', '2024-09-30', '500000.00', 2, 'Completed', 1),
(24, 15, 6, '2024-07-01', '2024-11-28', '500000.00', 5, 'Completed', 1),
(25, 16, 8, '2024-11-01', '2025-03-01', '500000.00', 4, 'Completed', 1),
(26, 16, 8, '2024-12-01', '2025-03-31', '500000.00', 4, 'Completed', 1),
(27, 17, 6, '2024-02-01', '2024-06-30', '500000.00', 5, 'Completed', 1),
(28, 17, 5, '2024-04-01', '2024-06-30', '500000.00', 3, 'Completed', 1),
(29, 18, 7, '2024-04-01', '2024-08-29', '500000.00', 5, 'Completed', 1),
(30, 19, 6, '2024-08-01', '2024-12-29', '500000.00', 5, 'Completed', 0),
(31, 19, 10, '2024-08-01', '2024-12-29', '500000.00', 5, 'Completed', 0),
(32, 20, 6, '2024-12-01', '2025-04-30', '500000.00', 5, 'Completed', 0),
(33, 21, 10, '2024-10-01', '2025-03-30', '500000.00', 6, 'Completed', 0),
(34, 21, 8, '2024-03-01', '2024-07-29', '500000.00', 5, 'Active', 0),
(35, 22, 6, '2024-04-01', '2024-05-01', '500000.00', 1, 'Completed', 0),
(36, 23, 9, '2024-05-01', '2024-09-28', '500000.00', 5, 'Completed', 1),
(37, 23, 9, '2024-03-01', '2024-05-30', '500000.00', 3, 'Completed', 1),
(38, 24, 7, '2024-10-01', '2024-12-30', '500000.00', 3, 'Completed', 0),
(39, 24, 9, '2024-11-01', '2024-12-01', '500000.00', 1, 'Completed', 1),
(40, 25, 8, '2024-09-01', '2025-02-28', '500000.00', 6, 'Completed', 1),
(41, 26, 10, '2024-06-01', '2024-09-29', '500000.00', 4, 'Completed', 1),
(42, 26, 8, '2024-06-01', '2024-10-29', '500000.00', 5, 'Completed', 1),
(43, 27, 10, '2024-02-01', '2024-07-30', '500000.00', 6, 'Completed', 1),
(44, 28, 10, '2024-11-01', '2025-04-30', '500000.00', 6, 'Completed', 1),
(45, 28, 7, '2024-02-01', '2024-06-30', '500000.00', 5, 'Completed', 1),
(46, 29, 6, '2024-07-01', '2024-08-30', '500000.00', 2, 'Completed', 1),
(47, 29, 8, '2024-05-01', '2024-07-30', '500000.00', 3, 'Completed', 1),
(48, 30, 7, '2024-09-01', '2025-01-29', '500000.00', 5, 'Completed', 1),
(49, 30, 6, '2024-10-01', '2025-01-29', '500000.00', 4, 'Completed', 1),
(50, 31, 10, '2024-01-01', '2024-01-31', '500000.00', 1, 'Completed', 1),
(51, 31, 5, '2024-11-01', '2025-03-01', '500000.00', 4, 'Completed', 1),
(52, 32, 8, '2024-11-01', '2024-12-01', '500000.00', 1, 'Completed', 1),
(53, 33, 5, '2024-04-01', '2024-07-30', '500000.00', 4, 'Completed', 1),
(54, 34, 6, '2024-10-01', '2024-11-30', '500000.00', 2, 'Completed', 1),
(55, 35, 5, '2024-01-01', '2024-06-29', '500000.00', 6, 'Completed', 1),
(56, 35, 7, '2024-02-01', '2024-05-31', '500000.00', 4, 'Completed', 1),
(57, 36, 8, '2024-02-01', '2024-04-01', '500000.00', 2, 'Completed', 1),
(58, 37, 5, '2024-12-01', '2024-12-31', '500000.00', 1, 'Completed', 1),
(59, 37, 5, '2024-06-01', '2024-08-30', '500000.00', 3, 'Completed', 1),
(60, 38, 5, '2024-10-01', '2025-03-30', '500000.00', 6, 'Completed', 1),
(61, 39, 7, '2024-07-01', '2024-09-29', '500000.00', 3, 'Completed', 1),
(62, 39, 6, '2024-04-01', '2024-06-30', '500000.00', 3, 'Completed', 1),
(63, 40, 6, '2024-09-01', '2025-01-29', '500000.00', 5, 'Completed', 1),
(64, 41, 10, '2024-01-01', '2024-06-29', '500000.00', 6, 'Completed', 1),
(65, 41, 7, '2024-04-01', '2024-08-29', '500000.00', 5, 'Completed', 1),
(66, 42, 10, '2024-07-01', '2024-09-29', '500000.00', 3, 'Completed', 1),
(67, 43, 5, '2024-05-01', '2024-06-30', '500000.00', 2, 'Completed', 1),
(68, 44, 5, '2024-07-01', '2024-11-28', '500000.00', 5, 'Completed', 1),
(69, 45, 10, '2024-12-01', '2025-04-30', '500000.00', 5, 'Completed', 1),
(70, 45, 8, '2024-07-01', '2024-12-28', '500000.00', 6, 'Completed', 1),
(71, 46, 5, '2024-11-01', '2025-03-31', '500000.00', 5, 'Completed', 1),
(72, 46, 9, '2024-10-01', '2024-11-30', '500000.00', 2, 'Completed', 1),
(73, 47, 5, '2024-05-01', '2024-05-31', '500000.00', 1, 'Completed', 1),
(74, 47, 9, '2024-04-01', '2024-05-31', '500000.00', 2, 'Completed', 1),
(75, 48, 8, '2024-10-01', '2025-03-30', '500000.00', 6, 'Completed', 1),
(76, 48, 10, '2024-11-01', '2025-04-30', '500000.00', 6, 'Completed', 1),
(77, 49, 7, '2024-12-01', '2025-03-31', '500000.00', 4, 'Completed', 1),
(78, 50, 6, '2024-06-01', '2024-07-31', '500000.00', 2, 'Completed', 1),
(79, 50, 10, '2024-05-01', '2024-10-28', '500000.00', 6, 'Completed', 1),
(80, 51, 5, '2024-06-01', '2024-09-29', '500000.00', 4, 'Completed', 1),
(81, 52, 9, '2024-02-01', '2024-05-01', '500000.00', 3, 'Completed', 1),
(82, 52, 10, '2024-10-01', '2025-03-30', '500000.00', 6, 'Completed', 1),
(83, 53, 8, '2024-08-01', '2024-12-29', '500000.00', 5, 'Completed', 1),
(84, 54, 5, '2024-08-01', '2024-12-29', '500000.00', 5, 'Completed', 1),
(85, 54, 6, '2024-06-01', '2024-07-31', '500000.00', 2, 'Completed', 1),
(86, 55, 5, '2024-10-01', '2025-03-30', '500000.00', 6, 'Completed', 1),
(87, 55, 10, '2024-02-01', '2024-04-01', '500000.00', 2, 'Completed', 1),
(88, 56, 5, '2024-01-01', '2024-03-01', '500000.00', 2, 'Completed', 1),
(89, 57, 9, '2024-01-01', '2024-04-30', '500000.00', 4, 'Completed', 1),
(90, 58, 8, '2024-05-01', '2024-07-30', '500000.00', 3, 'Completed', 1),
(91, 59, 5, '2024-09-01', '2024-12-30', '500000.00', 4, 'Completed', 1),
(92, 59, 5, '2024-06-01', '2024-07-31', '500000.00', 2, 'Completed', 1),
(93, 60, 9, '2024-05-01', '2024-10-28', '500000.00', 6, 'Completed', 1),
(94, 60, 9, '2024-04-01', '2024-07-30', '500000.00', 4, 'Completed', 1),
(95, 61, 9, '2024-08-01', '2024-09-30', '500000.00', 2, 'Completed', 1),
(96, 61, 10, '2024-09-01', '2024-10-31', '500000.00', 2, 'Completed', 1),
(97, 62, 5, '2024-04-01', '2024-08-29', '500000.00', 5, 'Completed', 1),
(98, 63, 10, '2024-06-01', '2024-09-29', '500000.00', 4, 'Completed', 1),
(99, 63, 10, '2024-02-01', '2024-06-30', '500000.00', 5, 'Completed', 1),
(100, 64, 9, '2024-03-01', '2024-08-28', '500000.00', 6, 'Completed', 1),
(101, 65, 5, '2024-10-01', '2025-02-28', '500000.00', 5, 'Completed', 1),
(102, 65, 5, '2024-07-01', '2024-12-28', '500000.00', 6, 'Completed', 1),
(103, 66, 6, '2024-05-01', '2024-07-30', '500000.00', 3, 'Completed', 1),
(104, 67, 8, '2024-12-01', '2025-05-30', '500000.00', 6, 'Completed', 1),
(105, 67, 7, '2024-06-01', '2024-09-29', '500000.00', 4, 'Completed', 1),
(106, 68, 10, '2024-12-01', '2025-04-30', '500000.00', 5, 'Completed', 1),
(107, 68, 5, '2024-04-01', '2024-06-30', '500000.00', 3, 'Completed', 1),
(108, 69, 5, '2024-12-01', '2025-01-30', '500000.00', 2, 'Completed', 1),
(109, 70, 8, '2024-09-01', '2024-10-01', '500000.00', 1, 'Completed', 1),
(110, 70, 10, '2024-05-01', '2024-07-30', '500000.00', 3, 'Completed', 1),
(111, 71, 5, '2024-07-01', '2024-10-29', '500000.00', 4, 'Completed', 1),
(112, 72, 5, '2024-08-01', '2024-08-31', '500000.00', 1, 'Completed', 1),
(113, 73, 5, '2024-01-01', '2024-01-31', '500000.00', 1, 'Completed', 1),
(114, 74, 6, '2024-04-01', '2024-07-30', '500000.00', 4, 'Completed', 1),
(115, 74, 9, '2025-06-08', '2025-11-08', '2500000.00', 12500005, 'Completed', 1),
(116, 63, 8, '2025-06-08', '2025-09-08', '2500000.00', 7500003, 'Completed', 1),
(117, 42, 9, '2025-06-08', '2026-03-08', '2500000.00', 22500009, 'Completed', 1),
(118, 23, 10, '2025-06-08', '2026-02-08', '2500000.00', 8, 'Completed', 1),
(119, 16, 9, '2025-06-08', '2025-11-08', '2500000.00', 12500005, 'Active', 1),
(120, 73, 9, '2025-06-08', '2025-09-08', '2500000.00', 7500003, 'Active', 1),
(121, 1, 9, '2025-06-08', '2025-11-08', '2500000.00', 12500005, 'Active', 1),
(122, 71, 10, '2025-06-08', '2025-08-08', '2500000.00', 5, 'Active', 1),
(123, 2, 10, '2025-06-08', '2025-08-08', '2500000.00', 2, 'Active', 1),
(124, 3, 10, '2025-06-08', '2025-11-08', '2500000.00', 5, 'Active', 1),
(125, 70, 7, '2025-06-08', '2025-08-08', '2500000.00', 2, 'Active', 1),
(126, 4, 7, '2025-06-08', '2025-08-08', '5000000.00', 4, 'Active', 1),
(127, 68, 8, '2025-06-08', '2025-08-08', '5000000.00', 4, 'Active', 1),
(128, 5, 6, '2025-06-08', '2025-08-08', '5000000.00', 4, 'Active', 1),
(129, 62, 6, '2025-06-08', '2025-12-08', '15000000.00', 12, 'Active', 1),
(130, 7, 5, '2025-06-08', '2025-08-08', '5000000.00', 4, 'Active', 1),
(131, 67, 5, '2025-06-08', '2025-09-08', '7500000.00', 6, 'Active', 1);

-- --------------------------------------------------------

--
-- Table structure for table `Properties`
--

CREATE TABLE `Properties` (
  `property_id` int(11) NOT NULL,
  `landlord_id` int(11) DEFAULT NULL,
  `name` varchar(255) NOT NULL,
  `address` text,
  `contact_phone` varchar(15) DEFAULT NULL,
  `is_active` tinyint(1) DEFAULT '1'
) ENGINE=InnoDB DEFAULT CHARSET=utf8mb4;

--
-- Dumping data for table `Properties`
--

INSERT INTO `Properties` (`property_id`, `landlord_id`, `name`, `address`, `contact_phone`, `is_active`) VALUES
(1, 2, 'Khu tr An Lc 97', 'Phng 7, Cch Mng Thng Tm, Qun 2, TP.HCM', '0911415698', 1),
(2, 2, 'Khu tr Hoa Mai 3', 'Phng 7, Nguyn Tri, Qun 11, TP.HCM', '0932059232', 1),
(3, 2, 'Khu tr Ph Qu 79', 'Phng 11, Nguyn Tri, Qun 11, TP.HCM', '0927978165', 1),
(4, 2, 'Khu tr Ha Pht 15', 'Phng 11, Nguyn Tri, Qun 5, TP.HCM', '0982894477', 1),
(5, 3, 'Khu tr Bnh Minh 97', 'Phng 9, Nguyn Tri, Qun 5, TP.HCM', '0998032908', 1),
(6, 3, 'Khu tr Hoa Mai 16', 'Phng 5, Cch Mng Thng Tm, Qun 8, TP.HCM', '0910090721', 1),
(7, 3, 'Khu tr Ph Qu 18', 'Phng 9, L Thng Kit, Qun 11, TP.HCM', '0929173414', 1),
(8, 3, 'Khu tr Hoa Mai 31', 'Phng 9, Cch Mng Thng Tm, Qun 2, TP.HCM', '0942357445', 1),
(9, 4, 'Khu tr Bnh Minh 8', 'Phng 5, Nguyn Tri, Qun 7, TP.HCM', '0925567455', 1),
(10, 4, 'Khu tr Hoa Mai 61', 'Phng 7, Cch Mng Thng Tm, Qun 3, TP.HCM', '0934019729', 1),
(11, 4, 'Khu tr Bnh Minh 1', 'Phng 9, Nguyn Tri, Qun 4, TP.HCM', '0982684966', 1),
(12, 4, 'Khu tr Ph Qu 30', 'Phng 1, L Thng Kit, Qun 3, TP.HCM', '0988478184', 1);

-- --------------------------------------------------------

--
-- Table structure for table `Rooms`
--

CREATE TABLE `Rooms` (
  `room_id` int(11) NOT NULL,
  `property_id` int(11) DEFAULT NULL,
  `room_type_id` int(11) DEFAULT NULL,
  `room_number` varchar(20) DEFAULT NULL,
  `max_occupants` int(11) DEFAULT NULL,
  `current_occupants` int(11) DEFAULT NULL,
  `current_water_usage` decimal(10,2) DEFAULT NULL,
  `current_electricity_usage` decimal(10,2) DEFAULT NULL,
  `status` enum('Available','Rented','Under Maintenance') DEFAULT 'Available',
  `image_url` varchar(500) DEFAULT NULL,
  `is_active` tinyint(1) DEFAULT '1'
) ENGINE=InnoDB DEFAULT CHARSET=utf8mb4;

--
-- Dumping data for table `Rooms`
--

INSERT INTO `Rooms` (`room_id`, `property_id`, `room_type_id`, `room_number`, `max_occupants`, `current_occupants`, `current_water_usage`, `current_electricity_usage`, `status`, `image_url`, `is_active`) VALUES
(1, 1, 10, 'P1-1', 2, 1, '0.00', '0.00', 'Rented', '/uploads/image-1748264171973-775559321.jpg', 1),
(2, 1, 10, 'P1-2', 2, 1, '0.00', '0.00', 'Rented', '/uploads/image-1748264301763-733831548.jpg', 1),
(3, 1, 10, 'P1-3', 2, 1, '0.00', '0.00', 'Rented', '/uploads/image-1748264171973-775559321.jpg', 1),
(4, 1, 10, 'P1-4', 2, 1, '0.00', '0.00', 'Rented', '/uploads/image-1748264263203-494917514.jpg', 1),
(5, 1, 10, 'P1-5', 2, 1, '0.00', '0.00', 'Rented', '/uploads/image-1748264275143-933836328.jpg', 1),
(6, 2, 20, 'P2-1', 2, 0, '10.00', '40.00', 'Available', '/uploads/image-1748264263203-494917514.jpg', 1),
(7, 2, 20, 'P2-2', 2, 1, '0.00', '0.00', 'Rented', '/uploads/image-1748264171973-775559321.jpg', 1),
(8, 2, 20, 'P2-3', 2, 0, '10.00', '40.00', 'Available', '/uploads/image-1748264275143-933836328.jpg', 1),
(9, 2, 20, 'P2-4', 2, 0, '10.00', '40.00', 'Available', '/uploads/image-1748264171973-775559321.jpg', 1),
(10, 2, 20, 'P2-5', 2, 0, '10.00', '40.00', 'Available', '/uploads/image-1748264301763-733831548.jpg', 1),
(11, 2, 20, 'P2-6', 2, 0, '10.00', '40.00', 'Available', '/uploads/image-1748264171973-775559321.jpg', 1),
(12, 2, 20, 'P2-7', 2, 0, '10.00', '40.00', 'Available', '/uploads/image-1748264301763-733831548.jpg', 1),
(13, 3, 30, 'P3-1', 2, 0, '10.00', '40.00', 'Available', '/uploads/image-1748264263203-494917514.jpg', 1),
(14, 3, 30, 'P3-2', 2, 0, '10.00', '40.00', 'Available', '/uploads/image-1748264251390-447352180.jfif', 1),
(15, 3, 30, 'P3-3', 2, 0, '10.00', '40.00', 'Available', '/uploads/image-1748264275143-933836328.jpg', 1),
(16, 3, 30, 'P3-4', 2, 1, '0.00', '0.00', 'Rented', '/uploads/image-1748264312198-613095791.jpg', 1),
(17, 3, 30, 'P3-5', 2, 0, '10.00', '40.00', 'Available', '/uploads/image-1748264263203-494917514.jpg', 1),
(18, 3, 30, 'P3-6', 2, 0, '10.00', '40.00', 'Available', '/uploads/image-1748264275143-933836328.jpg', 1),
(19, 3, 30, 'P3-7', 2, 1, '10.00', '40.00', 'Available', '/uploads/image-1748264251390-447352180.jfif', 1),
(20, 4, 40, 'P4-1', 2, 1, '10.00', '40.00', 'Available', '/uploads/image-1748264183830-498750667.jpg', 1),
(21, 4, 40, 'P4-2', 2, 1, '10.00', '40.00', 'Available', '/uploads/image-1748264301763-733831548.jpg', 1),
(22, 4, 40, 'P4-3', 2, 1, '10.00', '40.00', 'Available', '/uploads/image-1748264312198-613095791.jpg', 1),
(23, 4, 40, 'P4-4', 2, 0, '0.00', '0.00', 'Under Maintenance', '/uploads/image-1748264312198-613095791.jpg', 1),
(24, 4, 39, 'P4-5', 2, 0, '10.00', '40.00', 'Available', '/uploads/image-1748264275143-933836328.jpg', 1),
(25, 5, 50, 'P5-1', 2, 0, '10.00', '40.00', 'Under Maintenance', '/uploads/image-1748264301763-733831548.jpg', 1),
(26, 5, 50, 'P5-2', 2, 0, '10.00', '40.00', 'Available', '/uploads/image-1748264301763-733831548.jpg', 1),
(27, 5, 50, 'P5-3', 2, 0, '10.00', '40.00', 'Under Maintenance', '/uploads/image-1748264275143-933836328.jpg', 1),
(28, 5, 50, 'P5-4', 2, 0, '10.00', '40.00', 'Available', '/uploads/image-1748264183830-498750667.jpg', 1),
(29, 5, 50, 'P5-5', 2, 0, '10.00', '40.00', 'Available', '/uploads/image-1748264312198-613095791.jpg', 1),
(30, 5, 50, 'P5-6', 2, 0, '10.00', '40.00', 'Under Maintenance', '/uploads/image-1748264171973-775559321.jpg', 1),
(31, 5, 50, 'P5-7', 2, 0, '10.00', '40.00', 'Available', '/uploads/image-1748264263203-494917514.jpg', 1),
(32, 6, 60, 'P6-1', 2, 0, '10.00', '40.00', 'Available', '/uploads/image-1748264251390-447352180.jfif', 1),
(33, 6, 60, 'P6-2', 2, 0, '10.00', '40.00', 'Under Maintenance', '/uploads/image-1748264301763-733831548.jpg', 1),
(34, 6, 60, 'P6-3', 2, 0, '10.00', '40.00', 'Available', '/uploads/image-1748264312198-613095791.jpg', 1),
(35, 6, 60, 'P6-4', 2, 0, '10.00', '40.00', 'Available', '/uploads/image-1748264251390-447352180.jfif', 1),
(36, 6, 60, 'P6-5', 2, 0, '10.00', '40.00', 'Under Maintenance', '/uploads/image-1748264275143-933836328.jpg', 1),
(37, 6, 60, 'P6-6', 2, 0, '10.00', '40.00', 'Available', '/uploads/image-1748264301763-733831548.jpg', 1),
(38, 7, 70, 'P7-1', 2, 0, '10.00', '40.00', 'Under Maintenance', '/uploads/image-1748264301763-733831548.jpg', 1),
(39, 7, 70, 'P7-2', 2, 0, '10.00', '40.00', 'Under Maintenance', '/uploads/image-1748264183830-498750667.jpg', 1),
(40, 7, 70, 'P7-3', 2, 0, '10.00', '40.00', 'Under Maintenance', '/uploads/image-1748264263203-494917514.jpg', 1),
(41, 7, 70, 'P7-4', 2, 0, '10.00', '40.00', 'Under Maintenance', '/uploads/image-1748264301763-733831548.jpg', 1),
(42, 7, 70, 'P7-5', 2, 0, '0.00', '0.00', 'Under Maintenance', '/uploads/image-1748264301763-733831548.jpg', 1),
(43, 8, 80, 'P8-1', 2, 0, '10.00', '40.00', 'Under Maintenance', '/uploads/image-1748264251390-447352180.jfif', 1),
(44, 8, 80, 'P8-2', 2, 0, '10.00', '40.00', 'Available', '/uploads/image-1748264275143-933836328.jpg', 1),
(45, 8, 80, 'P8-3', 2, 0, '10.00', '40.00', 'Available', '/uploads/image-1748264183830-498750667.jpg', 1),
(46, 8, 80, 'P8-4', 2, 0, '10.00', '40.00', 'Available', '/uploads/image-1748264312198-613095791.jpg', 1),
(47, 8, 80, 'P8-5', 2, 0, '10.00', '40.00', 'Available', '/uploads/image-1748264251390-447352180.jfif', 1),
(48, 8, 80, 'P8-6', 2, 0, '10.00', '40.00', 'Available', '/uploads/image-1748264183830-498750667.jpg', 1),
(49, 8, 80, 'P8-7', 2, 0, '10.00', '40.00', 'Available', '/uploads/image-1748264301763-733831548.jpg', 1),
(50, 9, 90, 'P9-1', 2, 0, '10.00', '40.00', 'Under Maintenance', '/uploads/image-1748264251390-447352180.jfif', 1),
(51, 9, 90, 'P9-2', 2, 0, '10.00', '40.00', 'Available', '/uploads/image-1748264171973-775559321.jpg', 1),
(52, 9, 90, 'P9-3', 2, 0, '10.00', '40.00', 'Available', '/uploads/image-1748264263203-494917514.jpg', 1),
(53, 9, 90, 'P9-4', 2, 0, '10.00', '40.00', 'Under Maintenance', '/uploads/image-1748264183830-498750667.jpg', 1),
(54, 9, 90, 'P9-5', 2, 0, '10.00', '40.00', 'Available', '/uploads/image-1748264312198-613095791.jpg', 1),
(55, 9, 90, 'P9-6', 2, 0, '10.00', '40.00', 'Under Maintenance', '/uploads/image-1748264183830-498750667.jpg', 1),
(56, 9, 90, 'P9-7', 2, 0, '10.00', '40.00', 'Available', '/uploads/image-1748264171973-775559321.jpg', 1),
(57, 10, 100, 'P10-1', 2, 0, '10.00', '40.00', 'Available', '/uploads/image-1748264263203-494917514.jpg', 1),
(58, 10, 100, 'P10-2', 2, 0, '10.00', '40.00', 'Under Maintenance', '/uploads/image-1748264263203-494917514.jpg', 1),
(59, 10, 100, 'P10-3', 2, 0, '10.00', '40.00', 'Available', '/uploads/image-1748264275143-933836328.jpg', 1),
(60, 10, 100, 'P10-4', 2, 0, '10.00', '40.00', 'Under Maintenance', '/uploads/image-1748264275143-933836328.jpg', 1),
(61, 10, 100, 'P10-5', 2, 0, '10.00', '40.00', 'Under Maintenance', '/uploads/image-1748264275143-933836328.jpg', 1),
(62, 11, 110, 'P11-1', 2, 1, '0.00', '0.00', 'Rented', '/uploads/image-1748264301763-733831548.jpg', 1),
(63, 11, 110, 'P11-2', 2, 0, '0.00', '0.00', 'Under Maintenance', '/uploads/image-1748264183830-498750667.jpg', 1),
(64, 11, 110, 'P11-3', 2, 0, '10.00', '40.00', 'Under Maintenance', '/uploads/image-1748264263203-494917514.jpg', 1),
(65, 11, 110, 'P11-4', 2, 0, '10.00', '40.00', 'Available', '/uploads/image-1748264183830-498750667.jpg', 1),
(66, 11, 110, 'P11-5', 2, 0, '10.00', '40.00', 'Under Maintenance', '/uploads/image-1748264275143-933836328.jpg', 1),
(67, 11, 110, 'P11-6', 2, 1, '0.00', '0.00', 'Rented', '/uploads/image-1748264312198-613095791.jpg', 1),
(68, 12, 120, 'P12-1', 2, 1, '0.00', '0.00', 'Rented', '/uploads/image-1748264183830-498750667.jpg', 1),
(69, 12, 120, 'P12-2', 2, 0, '10.00', '40.00', 'Under Maintenance', '/uploads/image-1748264275143-933836328.jpg', 1),
(70, 12, 120, 'P12-3', 2, 1, '10.00', '40.00', 'Rented', '/uploads/image-1748264171973-775559321.jpg', 1),
(71, 12, 120, 'P12-4', 2, 1, '15.00', '18.00', 'Rented', '/uploads/image-1748264312198-613095791.jpg', 1),
(72, 12, 120, 'P12-5', 2, 0, '10.00', '40.00', 'Under Maintenance', '/uploads/image-1748264301763-733831548.jpg', 1),
(73, 12, 120, 'P12-6', 2, 1, '4.00', '4.00', 'Rented', '/uploads/image-1748264251390-447352180.jfif', 1),
(74, 12, 120, 'P12-7', 2, 0, '0.00', '0.00', 'Under Maintenance', '/uploads/image-1748264263203-494917514.jpg', 1);

-- --------------------------------------------------------

--
-- Table structure for table `RoomTypes`
--

CREATE TABLE `RoomTypes` (
  `room_type_id` int(11) NOT NULL,
  `landlord_id` int(11) NOT NULL,
  `name` varchar(100) NOT NULL,
  `description` text,
  `max_occupants` int(11) DEFAULT NULL,
  `rent_price` int(11) NOT NULL,
  `electricity_price` decimal(10,2) DEFAULT NULL,
  `water_price` decimal(10,2) DEFAULT NULL,
  `charge_type` enum('per_person','per_unit') DEFAULT 'per_person',
  `is_active` tinyint(1) DEFAULT '1'
) ENGINE=InnoDB DEFAULT CHARSET=utf8mb4;

--
-- Dumping data for table `RoomTypes`
--

INSERT INTO `RoomTypes` (`room_type_id`, `landlord_id`, `name`, `description`, `max_occupants`, `rent_price`, `electricity_price`, `water_price`, `charge_type`, `is_active`) VALUES
(1, 2, 'Phng n 34', 'Phng sch s, y  tin nghi', 2, 2500000, '3500.00', '15000.00', 'per_person', 1),
(2, 2, 'Phng n 66', 'Phng sch s, y  tin nghi', 2, 2500000, '3500.00', '15000.00', 'per_person', 1),
(3, 2, 'Phng VIP 67', 'Phng sch s, y  tin nghi', 2, 2500000, '3500.00', '15000.00', 'per_person', 1),
(4, 2, 'Phng VIP 75', 'Phng sch s, y  tin nghi', 2, 2500000, '3500.00', '15000.00', 'per_person', 1),
(5, 2, 'Phng VIP 74', 'Phng sch s, y  tin nghi', 2, 2500000, '3500.00', '15000.00', 'per_person', 1),
(6, 2, 'Phng n 58', 'Phng sch s, y  tin nghi', 2, 2500000, '3500.00', '15000.00', 'per_person', 1),
(7, 2, 'Phng i 51', 'Phng sch s, y  tin nghi', 2, 2500000, '3500.00', '15000.00', 'per_person', 1),
(8, 2, 'Phng i 99', 'Phng sch s, y  tin nghi', 2, 2500000, '3500.00', '15000.00', 'per_person', 1),
(9, 2, 'Phng VIP 76', 'Phng sch s, y  tin nghi', 2, 2500000, '3500.00', '15000.00', 'per_person', 1),
(10, 2, 'Phng VIP 65', 'Phng sch s, y  tin nghi', 2, 2500000, '3500.00', '15000.00', 'per_person', 1),
(11, 2, 'Phng VIP 32', 'Phng sch s, y  tin nghi', 2, 2500000, '3500.00', '15000.00', 'per_person', 1),
(12, 2, 'Phng VIP 23', 'Phng sch s, y  tin nghi', 2, 2500000, '3500.00', '15000.00', 'per_person', 1),
(13, 2, 'Phng VIP 21', 'Phng sch s, y  tin nghi', 2, 2500000, '3500.00', '15000.00', 'per_person', 1),
(14, 2, 'Phng i 72', 'Phng sch s, y  tin nghi', 2, 2500000, '3500.00', '15000.00', 'per_person', 1),
(15, 2, 'Phng i 60', 'Phng sch s, y  tin nghi', 2, 2500000, '3500.00', '15000.00', 'per_person', 1),
(16, 2, 'Phng n 52', 'Phng sch s, y  tin nghi', 2, 2500000, '3500.00', '15000.00', 'per_person', 1),
(17, 2, 'Phng VIP 24', 'Phng sch s, y  tin nghi', 2, 2500000, '3500.00', '15000.00', 'per_person', 1),
(18, 2, 'Phng n 82', 'Phng sch s, y  tin nghi', 2, 2500000, '3500.00', '15000.00', 'per_person', 1),
(19, 2, 'Phng VIP 56', 'Phng sch s, y  tin nghi', 2, 2500000, '3500.00', '15000.00', 'per_person', 1),
(20, 2, 'Phng i 4', 'Phng sch s, y  tin nghi', 2, 2500000, '3500.00', '15000.00', 'per_person', 1),
(21, 2, 'Phng i 16', 'Phng sch s, y  tin nghi', 2, 2500000, '3500.00', '15000.00', 'per_person', 1),
(22, 2, 'Phng n 40', 'Phng sch s, y  tin nghi', 2, 2500000, '3500.00', '15000.00', 'per_person', 1),
(23, 2, 'Phng n 24', 'Phng sch s, y  tin nghi', 2, 2500000, '3500.00', '15000.00', 'per_person', 1),
(24, 2, 'Phng i 89', 'Phng sch s, y  tin nghi', 2, 2500000, '3500.00', '15000.00', 'per_person', 1),
(25, 2, 'Phng n 66', 'Phng sch s, y  tin nghi', 2, 2500000, '3500.00', '15000.00', 'per_person', 1),
(26, 2, 'Phng i 54', 'Phng sch s, y  tin nghi', 2, 2500000, '3500.00', '15000.00', 'per_person', 1),
(27, 2, 'Phng VIP 18', 'Phng sch s, y  tin nghi', 2, 2500000, '3500.00', '15000.00', 'per_person', 1),
(28, 2, 'Phng VIP 50', 'Phng sch s, y  tin nghi', 2, 2500000, '3500.00', '15000.00', 'per_person', 1),
(29, 2, 'Phng i 24', 'Phng sch s, y  tin nghi', 2, 2500000, '3500.00', '15000.00', 'per_person', 1),
(30, 2, 'Phng i 82', 'Phng sch s, y  tin nghi', 2, 2500000, '3500.00', '15000.00', 'per_person', 1),
(31, 2, 'Phng i 70', 'Phng sch s, y  tin nghi', 2, 2500000, '3500.00', '15000.00', 'per_person', 1),
(32, 2, 'Phng n 98', 'Phng sch s, y  tin nghi', 2, 2500000, '3500.00', '15000.00', 'per_person', 1),
(33, 2, 'Phng VIP 57', 'Phng sch s, y  tin nghi', 2, 2500000, '3500.00', '15000.00', 'per_person', 1),
(34, 2, 'Phng VIP 28', 'Phng sch s, y  tin nghi', 2, 2500000, '3500.00', '15000.00', 'per_person', 1),
(35, 2, 'Phng i 14', 'Phng sch s, y  tin nghi', 2, 2500000, '3500.00', '15000.00', 'per_person', 1),
(36, 2, 'Phng VIP 84', 'Phng sch s, y  tin nghi', 2, 2500000, '3500.00', '15000.00', 'per_person', 1),
(37, 2, 'Phng n 39', 'Phng sch s, y  tin nghi', 2, 2500000, '3500.00', '15000.00', 'per_person', 1),
(38, 2, 'Phng n 58', 'Phng sch s, y  tin nghi', 2, 2500000, '3500.00', '15000.00', 'per_person', 1),
(39, 2, 'Phng i 45', 'Phng sch s, y  tin nghi', 2, 2500000, '3500.00', '15000.00', 'per_person', 1),
(40, 2, 'Phng n 57', 'Phng sch s, y  tin nghi', 2, 2500000, '3500.00', '15000.00', 'per_person', 1),
(41, 3, 'Phng n 90', 'Phng sch s, y  tin nghi', 2, 2500000, '3500.00', '15000.00', 'per_person', 1),
(42, 3, 'Phng n 32', 'Phng sch s, y  tin nghi', 2, 2500000, '3500.00', '15000.00', 'per_person', 1),
(43, 3, 'Phng n 92', 'Phng sch s, y  tin nghi', 2, 2500000, '3500.00', '15000.00', 'per_person', 1),
(44, 3, 'Phng i 32', 'Phng sch s, y  tin nghi', 2, 2500000, '3500.00', '15000.00', 'per_person', 1),
(45, 3, 'Phng VIP 51', 'Phng sch s, y  tin nghi', 2, 2500000, '3500.00', '15000.00', 'per_person', 1),
(46, 3, 'Phng i 19', 'Phng sch s, y  tin nghi', 2, 2500000, '3500.00', '15000.00', 'per_person', 1),
(47, 3, 'Phng VIP 81', 'Phng sch s, y  tin nghi', 2, 2500000, '3500.00', '15000.00', 'per_person', 1),
(48, 3, 'Phng i 81', 'Phng sch s, y  tin nghi', 2, 2500000, '3500.00', '15000.00', 'per_person', 1),
(49, 3, 'Phng i 49', 'Phng sch s, y  tin nghi', 2, 2500000, '3500.00', '15000.00', 'per_person', 1),
(50, 3, 'Phng i 10', 'Phng sch s, y  tin nghi', 2, 2500000, '3500.00', '15000.00', 'per_person', 1),
(51, 3, 'Phng i 26', 'Phng sch s, y  tin nghi', 2, 2500000, '3500.00', '15000.00', 'per_person', 1),
(52, 3, 'Phng VIP 17', 'Phng sch s, y  tin nghi', 2, 2500000, '3500.00', '15000.00', 'per_person', 1),
(53, 3, 'Phng VIP 39', 'Phng sch s, y  tin nghi', 2, 2500000, '3500.00', '15000.00', 'per_person', 1),
(54, 3, 'Phng n 36', 'Phng sch s, y  tin nghi', 2, 2500000, '3500.00', '15000.00', 'per_person', 1),
(55, 3, 'Phng n 84', 'Phng sch s, y  tin nghi', 2, 2500000, '3500.00', '15000.00', 'per_person', 1),
(56, 3, 'Phng i 33', 'Phng sch s, y  tin nghi', 2, 2500000, '3500.00', '15000.00', 'per_person', 1),
(57, 3, 'Phng n 48', 'Phng sch s, y  tin nghi', 2, 2500000, '3500.00', '15000.00', 'per_person', 1),
(58, 3, 'Phng VIP 84', 'Phng sch s, y  tin nghi', 2, 2500000, '3500.00', '15000.00', 'per_person', 1),
(59, 3, 'Phng n 7', 'Phng sch s, y  tin nghi', 2, 2500000, '3500.00', '15000.00', 'per_person', 1),
(60, 3, 'Phng i 81', 'Phng sch s, y  tin nghi', 2, 2500000, '3500.00', '15000.00', 'per_person', 1),
(61, 3, 'Phng n 68', 'Phng sch s, y  tin nghi', 2, 2500000, '3500.00', '15000.00', 'per_person', 1),
(62, 3, 'Phng VIP 2', 'Phng sch s, y  tin nghi', 2, 2500000, '3500.00', '15000.00', 'per_person', 1),
(63, 3, 'Phng VIP 84', 'Phng sch s, y  tin nghi', 2, 2500000, '3500.00', '15000.00', 'per_person', 1),
(64, 3, 'Phng n 57', 'Phng sch s, y  tin nghi', 2, 2500000, '3500.00', '15000.00', 'per_person', 1),
(65, 3, 'Phng i 93', 'Phng sch s, y  tin nghi', 2, 2500000, '3500.00', '15000.00', 'per_person', 1),
(66, 3, 'Phng n 81', 'Phng sch s, y  tin nghi', 2, 2500000, '3500.00', '15000.00', 'per_person', 1),
(67, 3, 'Phng VIP 20', 'Phng sch s, y  tin nghi', 2, 2500000, '3500.00', '15000.00', 'per_person', 1),
(68, 3, 'Phng i 79', 'Phng sch s, y  tin nghi', 2, 2500000, '3500.00', '15000.00', 'per_person', 1),
(69, 3, 'Phng VIP 57', 'Phng sch s, y  tin nghi', 2, 2500000, '3500.00', '15000.00', 'per_person', 1),
(70, 3, 'Phng n 12', 'Phng sch s, y  tin nghi', 2, 2500000, '3500.00', '15000.00', 'per_person', 1),
(71, 3, 'Phng i 82', 'Phng sch s, y  tin nghi', 2, 2500000, '3500.00', '15000.00', 'per_person', 1),
(72, 3, 'Phng VIP 10', 'Phng sch s, y  tin nghi', 2, 2500000, '3500.00', '15000.00', 'per_person', 1),
(73, 3, 'Phng VIP 2', 'Phng sch s, y  tin nghi', 2, 2500000, '3500.00', '15000.00', 'per_person', 1),
(74, 3, 'Phng i 41', 'Phng sch s, y  tin nghi', 2, 2500000, '3500.00', '15000.00', 'per_person', 1),
(75, 3, 'Phng n 50', 'Phng sch s, y  tin nghi', 2, 2500000, '3500.00', '15000.00', 'per_person', 1),
(76, 3, 'Phng VIP 54', 'Phng sch s, y  tin nghi', 2, 2500000, '3500.00', '15000.00', 'per_person', 1),
(77, 3, 'Phng i 70', 'Phng sch s, y  tin nghi', 2, 2500000, '3500.00', '15000.00', 'per_person', 1),
(78, 3, 'Phng VIP 23', 'Phng sch s, y  tin nghi', 2, 2500000, '3500.00', '15000.00', 'per_person', 1),
(79, 3, 'Phng i 99', 'Phng sch s, y  tin nghi', 2, 2500000, '3500.00', '15000.00', 'per_person', 1),
(80, 3, 'Phng n 3', 'Phng sch s, y  tin nghi', 2, 2500000, '3500.00', '15000.00', 'per_person', 1),
(81, 4, 'Phng i 79', 'Phng sch s, y  tin nghi', 2, 2500000, '3500.00', '15000.00', 'per_person', 1),
(82, 4, 'Phng VIP 8', 'Phng sch s, y  tin nghi', 2, 2500000, '3500.00', '15000.00', 'per_person', 1),
(83, 4, 'Phng i 86', 'Phng sch s, y  tin nghi', 2, 2500000, '3500.00', '15000.00', 'per_person', 1),
(84, 4, 'Phng VIP 85', 'Phng sch s, y  tin nghi', 2, 2500000, '3500.00', '15000.00', 'per_person', 1),
(85, 4, 'Phng VIP 23', 'Phng sch s, y  tin nghi', 2, 2500000, '3500.00', '15000.00', 'per_person', 1),
(86, 4, 'Phng n 2', 'Phng sch s, y  tin nghi', 2, 2500000, '3500.00', '15000.00', 'per_person', 1),
(87, 4, 'Phng VIP 18', 'Phng sch s, y  tin nghi', 2, 2500000, '3500.00', '15000.00', 'per_person', 1),
(88, 4, 'Phng VIP 2', 'Phng sch s, y  tin nghi', 2, 2500000, '3500.00', '15000.00', 'per_person', 1),
(89, 4, 'Phng n 64', 'Phng sch s, y  tin nghi', 2, 2500000, '3500.00', '15000.00', 'per_person', 1),
(90, 4, 'Phng i 67', 'Phng sch s, y  tin nghi', 2, 2500000, '3500.00', '15000.00', 'per_person', 1),
(91, 4, 'Phng n 71', 'Phng sch s, y  tin nghi', 2, 2500000, '3500.00', '15000.00', 'per_person', 1),
(92, 4, 'Phng VIP 95', 'Phng sch s, y  tin nghi', 2, 2500000, '3500.00', '15000.00', 'per_person', 1),
(93, 4, 'Phng VIP 54', 'Phng sch s, y  tin nghi', 2, 2500000, '3500.00', '15000.00', 'per_person', 1),
(94, 4, 'Phng n 42', 'Phng sch s, y  tin nghi', 2, 2500000, '3500.00', '15000.00', 'per_person', 1),
(95, 4, 'Phng n 54', 'Phng sch s, y  tin nghi', 2, 2500000, '3500.00', '15000.00', 'per_person', 1),
(96, 4, 'Phng VIP 41', 'Phng sch s, y  tin nghi', 2, 2500000, '3500.00', '15000.00', 'per_person', 1),
(97, 4, 'Phng i 10', 'Phng sch s, y  tin nghi', 2, 2500000, '3500.00', '15000.00', 'per_person', 1),
(98, 4, 'Phng VIP 48', 'Phng sch s, y  tin nghi', 2, 2500000, '3500.00', '15000.00', 'per_person', 1),
(99, 4, 'Phng n 65', 'Phng sch s, y  tin nghi', 2, 2500000, '3500.00', '15000.00', 'per_person', 1),
(100, 4, 'Phng VIP 7', 'Phng sch s, y  tin nghi', 2, 2500000, '3500.00', '15000.00', 'per_person', 1),
(101, 4, 'Phng i 82', 'Phng sch s, y  tin nghi', 2, 2500000, '3500.00', '15000.00', 'per_person', 1),
(102, 4, 'Phng VIP 2', 'Phng sch s, y  tin nghi', 2, 2500000, '3500.00', '15000.00', 'per_person', 1),
(103, 4, 'Phng i 1', 'Phng sch s, y  tin nghi', 2, 2500000, '3500.00', '15000.00', 'per_person', 1),
(104, 4, 'Phng VIP 49', 'Phng sch s, y  tin nghi', 2, 2500000, '3500.00', '15000.00', 'per_person', 1),
(105, 4, 'Phng VIP 94', 'Phng sch s, y  tin nghi', 2, 2500000, '3500.00', '15000.00', 'per_person', 1),
(106, 4, 'Phng i 14', 'Phng sch s, y  tin nghi', 2, 2500000, '3500.00', '15000.00', 'per_person', 1),
(107, 4, 'Phng n 68', 'Phng sch s, y  tin nghi', 2, 2500000, '3500.00', '15000.00', 'per_person', 1),
(108, 4, 'Phng n 54', 'Phng sch s, y  tin nghi', 2, 2500000, '3500.00', '15000.00', 'per_person', 1),
(109, 4, 'Phng i 8', 'Phng sch s, y  tin nghi', 2, 2500000, '3500.00', '15000.00', 'per_person', 1),
(110, 4, 'Phng n 92', 'Phng sch s, y  tin nghi', 2, 2500000, '3500.00', '15000.00', 'per_person', 1),
(111, 4, 'Phng n 20', 'Phng sch s, y  tin nghi', 2, 2500000, '3500.00', '15000.00', 'per_person', 1),
(112, 4, 'Phng n 22', 'Phng sch s, y  tin nghi', 2, 2500000, '3500.00', '15000.00', 'per_person', 1),
(113, 4, 'Phng i 60', 'Phng sch s, y  tin nghi', 2, 2500000, '3500.00', '15000.00', 'per_person', 1),
(114, 4, 'Phng i 53', 'Phng sch s, y  tin nghi', 2, 2500000, '3500.00', '15000.00', 'per_person', 1),
(115, 4, 'Phng n 69', 'Phng sch s, y  tin nghi', 2, 2500000, '3500.00', '15000.00', 'per_person', 1),
(116, 4, 'Phng i 99', 'Phng sch s, y  tin nghi', 2, 2500000, '3500.00', '15000.00', 'per_person', 1),
(117, 4, 'Phng n 58', 'Phng sch s, y  tin nghi', 2, 2500000, '3500.00', '15000.00', 'per_person', 1),
(118, 4, 'Phng i 60', 'Phng sch s, y  tin nghi', 2, 2500000, '3500.00', '15000.00', 'per_person', 1),
(119, 4, 'Phng i 16', 'Phng sch s, y  tin nghi', 2, 2500000, '3500.00', '15000.00', 'per_person', 1),
(120, 4, 'Phng n 21', 'Phng sch s, y  tin nghi', 2, 2500000, '3500.00', '15000.00', 'per_person', 1);

-- --------------------------------------------------------

--
-- Table structure for table `Room_Renters`
--

CREATE TABLE `Room_Renters` (
  `room_renter_id` int(11) NOT NULL,
  `room_id` int(11) NOT NULL,
  `renter_id` int(11) NOT NULL,
  `join_date` date NOT NULL,
  `leave_date` date DEFAULT NULL,
  `status` enum('Active','Left') DEFAULT 'Active'
) ENGINE=InnoDB DEFAULT CHARSET=utf8mb4;

--
-- Dumping data for table `Room_Renters`
--

INSERT INTO `Room_Renters` (`room_renter_id`, `room_id`, `renter_id`, `join_date`, `leave_date`, `status`) VALUES
(5, 16, 9, '2025-06-08', NULL, 'Active'),
(6, 73, 9, '2025-06-08', NULL, 'Active'),
(7, 1, 9, '2025-06-08', NULL, 'Active'),
(8, 71, 10, '2025-06-08', NULL, 'Active'),
(9, 2, 10, '2025-06-08', NULL, 'Active'),
(10, 3, 10, '2025-06-08', NULL, 'Active'),
(11, 70, 7, '2025-06-08', NULL, 'Active'),
(12, 4, 7, '2025-06-08', NULL, 'Active'),
(13, 68, 8, '2025-06-08', NULL, 'Active'),
(14, 5, 6, '2025-06-08', NULL, 'Active'),
(15, 62, 6, '2025-06-08', NULL, 'Active'),
(16, 7, 5, '2025-06-08', NULL, 'Active'),
(17, 67, 5, '2025-06-08', NULL, 'Active');

-- --------------------------------------------------------

--
-- Table structure for table `Room_Services`
--

CREATE TABLE `Room_Services` (
  `room_id` int(11) NOT NULL,
  `service_id` int(11) NOT NULL,
  `is_active` tinyint(1) DEFAULT '1'
) ENGINE=InnoDB DEFAULT CHARSET=utf8mb4;

-- --------------------------------------------------------

--
-- Table structure for table `Services`
--

CREATE TABLE `Services` (
  `service_id` int(11) NOT NULL,
  `landlord_id` int(11) NOT NULL,
  `service_name` varchar(255) NOT NULL,
  `service_description` text,
  `service_price` decimal(10,2) DEFAULT NULL,
  `is_active` tinyint(1) DEFAULT '1'
) ENGINE=InnoDB DEFAULT CHARSET=utf8mb4;

-- --------------------------------------------------------

--
-- Table structure for table `Users`
--

CREATE TABLE `Users` (
  `user_id` int(11) NOT NULL,
  `username` varchar(255) NOT NULL,
  `password_hash` varchar(255) NOT NULL,
  `email` varchar(255) NOT NULL,
  `phone` varchar(15) DEFAULT NULL,
  `role` enum('Admin','Landlord','Renter') NOT NULL,
  `address` text,
  `created_at` timestamp NOT NULL DEFAULT CURRENT_TIMESTAMP,
  `updated_at` timestamp NOT NULL DEFAULT CURRENT_TIMESTAMP ON UPDATE CURRENT_TIMESTAMP,
  `is_active` tinyint(1) DEFAULT '1'
) ENGINE=InnoDB DEFAULT CHARSET=utf8mb4;

--
-- Dumping data for table `Users`
--

INSERT INTO `Users` (`user_id`, `username`, `password_hash`, `email`, `phone`, `role`, `address`, `created_at`, `updated_at`, `is_active`) VALUES
(1, 'nguyenvanan', '$2b$12$n4uiS1KYzZDrr0lDwuSjGOQ06Xxr0Hfu6v.OGHz1xcgP7HcTVR/cy', 'admin@gmail.com', '0938138531', 'Admin', 'Phng 9, Trn Hng o, Qun 12, TP.HCM', '2025-06-08 03:41:26', '2025-06-08 03:41:26', 1),
(2, 'tranthibinh', '$2b$12$n4uiS1KYzZDrr0lDwuSjGOQ06Xxr0Hfu6v.OGHz1xcgP7HcTVR/cy', 'binh@gmail.com', '0919282319', 'Landlord', 'Phng 9, Cch Mng Thng Tm, Qun 3, TP.HCM', '2025-06-08 03:41:26', '2025-06-08 03:41:26', 1),
(3, 'levancuong', '$2b$12$n4uiS1KYzZDrr0lDwuSjGOQ06Xxr0Hfu6v.OGHz1xcgP7HcTVR/cy', 'cuong@gmail.com', '0995004924', 'Landlord', 'Phng 7, L Thng Kit, Qun 5, TP.HCM', '2025-06-08 03:41:26', '2025-06-08 03:41:26', 1),
(4, 'phamthidung', '$2b$12$n4uiS1KYzZDrr0lDwuSjGOQ06Xxr0Hfu6v.OGHz1xcgP7HcTVR/cy', 'dung@gmail.com', '0998404247', 'Landlord', 'Phng 5, Cch Mng Thng Tm, Qun 7, TP.HCM', '2025-06-08 03:41:26', '2025-06-08 03:41:26', 1),
(5, 'hoangvanduc', '$2b$12$n4uiS1KYzZDrr0lDwuSjGOQ06Xxr0Hfu6v.OGHz1xcgP7HcTVR/cy', 'duc@gmail.com', '0919927432', 'Renter', 'Phng 9, L Li, Qun 8, TP.HCM', '2025-06-08 03:41:26', '2025-06-08 03:41:26', 1),
(6, 'vuthihanh', '$2b$12$n4uiS1KYzZDrr0lDwuSjGOQ06Xxr0Hfu6v.OGHz1xcgP7HcTVR/cy', 'hanh@gmail.com', '0988147469', 'Renter', 'Phng 9, L Li, Qun 9, TP.HCM', '2025-06-08 03:41:26', '2025-06-08 03:41:26', 1),
(7, 'dominhoa', '$2b$12$n4uiS1KYzZDrr0lDwuSjGOQ06Xxr0Hfu6v.OGHz1xcgP7HcTVR/cy', 'hoa@gmail.com', '0966143368', 'Renter', 'Phng 11, Nguyn Tri, Qun 6, TP.HCM', '2025-06-08 03:41:26', '2025-06-08 03:41:26', 1),
(8, 'phanthikim', '$2b$12$n4uiS1KYzZDrr0lDwuSjGOQ06Xxr0Hfu6v.OGHz1xcgP7HcTVR/cy', 'kim@gmail.com', '0982062301', 'Renter', 'Phng 11, Nguyn Tri, Qun 2, TP.HCM', '2025-06-08 03:41:26', '2025-06-08 03:41:26', 1),
(9, 'nguyen van tuan', '$2b$12$n4uiS1KYzZDrr0lDwuSjGOQ06Xxr0Hfu6v.OGHz1xcgP7HcTVR/cy', 'tuan@gmail.com', '0943316996', 'Renter', 'Phng 7, L Thng Kit, Qun 11, TP.HCM', '2025-06-08 03:41:26', '2025-06-08 03:50:51', 1),
(10, 'ngothimai', '$2b$12$n4uiS1KYzZDrr0lDwuSjGOQ06Xxr0Hfu6v.OGHz1xcgP7HcTVR/cy', 'mai@gmail.com', '0992232236', 'Renter', 'Phng 1, L Li, Qun 11, TP.HCM', '2025-06-08 03:41:26', '2025-06-08 03:41:26', 1);

--
-- Indexes for dumped tables
--

--
-- Indexes for table `Bills`
--
ALTER TABLE `Bills`
  ADD PRIMARY KEY (`bill_id`),
  ADD KEY `contract_id` (`contract_id`);

--
-- Indexes for table `Contracts`
--
ALTER TABLE `Contracts`
  ADD PRIMARY KEY (`contract_id`),
  ADD KEY `room_id` (`room_id`),
  ADD KEY `renter_id` (`renter_id`);

--
-- Indexes for table `Properties`
--
ALTER TABLE `Properties`
  ADD PRIMARY KEY (`property_id`),
  ADD KEY `landlord_id` (`landlord_id`);

--
-- Indexes for table `Rooms`
--
ALTER TABLE `Rooms`
  ADD PRIMARY KEY (`room_id`),
  ADD KEY `property_id` (`property_id`),
  ADD KEY `room_type_id` (`room_type_id`);

--
-- Indexes for table `RoomTypes`
--
ALTER TABLE `RoomTypes`
  ADD PRIMARY KEY (`room_type_id`),
  ADD KEY `landlord_id` (`landlord_id`);

--
-- Indexes for table `Room_Renters`
--
ALTER TABLE `Room_Renters`
  ADD PRIMARY KEY (`room_renter_id`),
  ADD KEY `room_id` (`room_id`),
  ADD KEY `renter_id` (`renter_id`);

--
-- Indexes for table `Room_Services`
--
ALTER TABLE `Room_Services`
  ADD PRIMARY KEY (`room_id`,`service_id`),
  ADD KEY `service_id` (`service_id`);

--
-- Indexes for table `Services`
--
ALTER TABLE `Services`
  ADD PRIMARY KEY (`service_id`),
  ADD KEY `landlord_id` (`landlord_id`);

--
-- Indexes for table `Users`
--
ALTER TABLE `Users`
  ADD PRIMARY KEY (`user_id`),
  ADD UNIQUE KEY `username` (`username`),
  ADD UNIQUE KEY `email` (`email`);

--
-- AUTO_INCREMENT for dumped tables
--

--
-- AUTO_INCREMENT for table `Bills`
--
ALTER TABLE `Bills`
  MODIFY `bill_id` int(11) NOT NULL AUTO_INCREMENT, AUTO_INCREMENT=456;

--
-- AUTO_INCREMENT for table `Contracts`
--
ALTER TABLE `Contracts`
  MODIFY `contract_id` int(11) NOT NULL AUTO_INCREMENT, AUTO_INCREMENT=132;

--
-- AUTO_INCREMENT for table `Properties`
--
ALTER TABLE `Properties`
  MODIFY `property_id` int(11) NOT NULL AUTO_INCREMENT, AUTO_INCREMENT=13;

--
-- AUTO_INCREMENT for table `Rooms`
--
ALTER TABLE `Rooms`
  MODIFY `room_id` int(11) NOT NULL AUTO_INCREMENT, AUTO_INCREMENT=75;

--
-- AUTO_INCREMENT for table `RoomTypes`
--
ALTER TABLE `RoomTypes`
  MODIFY `room_type_id` int(11) NOT NULL AUTO_INCREMENT, AUTO_INCREMENT=121;

--
-- AUTO_INCREMENT for table `Room_Renters`
--
ALTER TABLE `Room_Renters`
  MODIFY `room_renter_id` int(11) NOT NULL AUTO_INCREMENT, AUTO_INCREMENT=18;

--
-- AUTO_INCREMENT for table `Services`
--
ALTER TABLE `Services`
  MODIFY `service_id` int(11) NOT NULL AUTO_INCREMENT;

--
-- AUTO_INCREMENT for table `Users`
--
ALTER TABLE `Users`
  MODIFY `user_id` int(11) NOT NULL AUTO_INCREMENT, AUTO_INCREMENT=11;

--
-- Constraints for dumped tables
--

--
-- Constraints for table `Bills`
--
ALTER TABLE `Bills`
  ADD CONSTRAINT `Bills_ibfk_1` FOREIGN KEY (`contract_id`) REFERENCES `Contracts` (`contract_id`) ON DELETE CASCADE;

--
-- Constraints for table `Contracts`
--
ALTER TABLE `Contracts`
  ADD CONSTRAINT `Contracts_ibfk_1` FOREIGN KEY (`room_id`) REFERENCES `Rooms` (`room_id`) ON DELETE CASCADE,
  ADD CONSTRAINT `Contracts_ibfk_2` FOREIGN KEY (`renter_id`) REFERENCES `Users` (`user_id`) ON DELETE CASCADE;

--
-- Constraints for table `Properties`
--
ALTER TABLE `Properties`
  ADD CONSTRAINT `Properties_ibfk_1` FOREIGN KEY (`landlord_id`) REFERENCES `Users` (`user_id`) ON DELETE CASCADE;

--
-- Constraints for table `Rooms`
--
ALTER TABLE `Rooms`
  ADD CONSTRAINT `Rooms_ibfk_1` FOREIGN KEY (`property_id`) REFERENCES `Properties` (`property_id`) ON DELETE CASCADE,
  ADD CONSTRAINT `Rooms_ibfk_2` FOREIGN KEY (`room_type_id`) REFERENCES `RoomTypes` (`room_type_id`);

--
-- Constraints for table `RoomTypes`
--
ALTER TABLE `RoomTypes`
  ADD CONSTRAINT `RoomTypes_ibfk_1` FOREIGN KEY (`landlord_id`) REFERENCES `Users` (`user_id`) ON DELETE CASCADE;

--
-- Constraints for table `Room_Renters`
--
ALTER TABLE `Room_Renters`
  ADD CONSTRAINT `Room_Renters_ibfk_1` FOREIGN KEY (`room_id`) REFERENCES `Rooms` (`room_id`) ON DELETE CASCADE,
  ADD CONSTRAINT `Room_Renters_ibfk_2` FOREIGN KEY (`renter_id`) REFERENCES `Users` (`user_id`) ON DELETE CASCADE;

--
-- Constraints for table `Room_Services`
--
ALTER TABLE `Room_Services`
  ADD CONSTRAINT `Room_Services_ibfk_1` FOREIGN KEY (`room_id`) REFERENCES `Rooms` (`room_id`) ON DELETE CASCADE,
  ADD CONSTRAINT `Room_Services_ibfk_2` FOREIGN KEY (`service_id`) REFERENCES `Services` (`service_id`) ON DELETE CASCADE;

--
-- Constraints for table `Services`
--
ALTER TABLE `Services`
  ADD CONSTRAINT `Services_ibfk_1` FOREIGN KEY (`landlord_id`) REFERENCES `Users` (`user_id`) ON DELETE CASCADE;
COMMIT;

/*!40101 SET CHARACTER_SET_CLIENT=@OLD_CHARACTER_SET_CLIENT */;
/*!40101 SET CHARACTER_SET_RESULTS=@OLD_CHARACTER_SET_RESULTS */;
/*!40101 SET COLLATION_CONNECTION=@OLD_COLLATION_CONNECTION */;
